,lags,params,mean_squared_error,learning_rate,n_estimators,num_leaves,max_depth,min_child_samples,subsample,subsample_freq,colsample_bytree,reg_alpha,reg_lambda
0,"[ 1  2  3  4  5  6  7  8  9 10 11 12 13 14 15 16 17 18 19 20 21 22 23 24
 48 72 96]","{'learning_rate': 0.02414978985743238, 'n_estimators': 2100, 'num_leaves': 86, 'max_depth': 6, 'min_child_samples': 28, 'subsample': 0.7354337183680347, 'subsample_freq': 0, 'colsample_bytree': 0.618502189296329, 'reg_alpha': 8.404191005261771e-05, 'reg_lambda': 5.329364731327497e-05}",208391.69741925862,0.02414978985743238,2100.0,86.0,6.0,28.0,0.7354337183680347,0.0,0.618502189296329,8.404191005261771e-05,5.329364731327497e-05
1,"[ 1  2  3  4  5  6  7  8  9 10 11 12 13 14 15 16 17 18 19 20 21 22 23 24
 48 72 96]","{'learning_rate': 0.018949003715125562, 'n_estimators': 2000, 'num_leaves': 90, 'max_depth': 6, 'min_child_samples': 23, 'subsample': 0.7407543474115222, 'subsample_freq': 1, 'colsample_bytree': 0.6480142265335387, 'reg_alpha': 0.02165888246094743, 'reg_lambda': 0.00035480890518828573}",209573.47684218793,0.018949003715125562,2000.0,90.0,6.0,23.0,0.7407543474115222,1.0,0.6480142265335387,0.02165888246094743,0.00035480890518828573
2,"[ 1  2  3  4  5  6  7  8  9 10 11 12 13 14 15 16 17 18 19 20 21 22 23 24
 48 72 96]","{'learning_rate': 0.026055006158855403, 'n_estimators': 2100, 'num_leaves': 42, 'max_depth': 8, 'min_child_samples': 19, 'subsample': 0.6388466856607096, 'subsample_freq': 1, 'colsample_bytree': 0.6713782741000409, 'reg_alpha': 0.02632390221812116, 'reg_lambda': 0.12389637381809121}",211457.51654464344,0.026055006158855403,2100.0,42.0,8.0,19.0,0.6388466856607096,1.0,0.6713782741000409,0.02632390221812116,0.12389637381809121
3,"[ 1  2  3  4  5  6  7  8  9 10 11 12 13 14 15 16 17 18 19 20 21 22 23 24
 48 72 96]","{'learning_rate': 0.02361105153110678, 'n_estimators': 2700, 'num_leaves': 92, 'max_depth': 6, 'min_child_samples': 13, 'subsample': 0.7069620626474835, 'subsample_freq': 1, 'colsample_bytree': 0.692443857731563, 'reg_alpha': 0.0006589798729000788, 'reg_lambda': 8.520763142640498e-05}",211510.2089500526,0.02361105153110678,2700.0,92.0,6.0,13.0,0.7069620626474835,1.0,0.692443857731563,0.0006589798729000788,8.520763142640498e-05
4,"[ 1  2  3  4  5  6  7  8  9 10 11 12 13 14 15 16 17 18 19 20 21 22 23 24
 48 72 96]","{'learning_rate': 0.013618480836418761, 'n_estimators': 2900, 'num_leaves': 77, 'max_depth': 6, 'min_child_samples': 23, 'subsample': 0.6914593705038757, 'subsample_freq': 2, 'colsample_bytree': 0.6631991449910383, 'reg_alpha': 0.000700570170869223, 'reg_lambda': 0.00011058614850137866}",211606.60000013778,0.013618480836418761,2900.0,77.0,6.0,23.0,0.6914593705038757,2.0,0.6631991449910383,0.000700570170869223,0.00011058614850137866
5,"[ 1  2  3  4  5  6  7  8  9 10 11 12 13 14 15 16 17 18 19 20 21 22 23 24
 48 72 96]","{'learning_rate': 0.021641209770865855, 'n_estimators': 2400, 'num_leaves': 65, 'max_depth': 7, 'min_child_samples': 21, 'subsample': 0.7266141307821646, 'subsample_freq': 2, 'colsample_bytree': 0.6901306304651752, 'reg_alpha': 4.919522818131196e-06, 'reg_lambda': 0.0003736242034329903}",211824.77411347616,0.021641209770865855,2400.0,65.0,7.0,21.0,0.7266141307821646,2.0,0.6901306304651752,4.919522818131196e-06,0.0003736242034329903
6,"[ 1  2  3  4  5  6  7  8  9 10 11 12 13 14 15 16 17 18 19 20 21 22 23 24
 48 72 96]","{'learning_rate': 0.019327676958959084, 'n_estimators': 2400, 'num_leaves': 63, 'max_depth': 6, 'min_child_samples': 19, 'subsample': 0.6903267604266726, 'subsample_freq': 2, 'colsample_bytree': 0.6664073061054222, 'reg_alpha': 0.03947014911411247, 'reg_lambda': 4.641435940882342e-05}",213264.4366440153,0.019327676958959084,2400.0,63.0,6.0,19.0,0.6903267604266726,2.0,0.6664073061054222,0.03947014911411247,4.641435940882342e-05
7,"[ 1  2  3  4  5  6  7  8  9 10 11 12 13 14 15 16 17 18 19 20 21 22 23 24
 48 72 96]","{'learning_rate': 0.01570197942379122, 'n_estimators': 2300, 'num_leaves': 70, 'max_depth': 6, 'min_child_samples': 20, 'subsample': 0.7801472333737105, 'subsample_freq': 3, 'colsample_bytree': 0.6507961193993901, 'reg_alpha': 9.689581472280647e-05, 'reg_lambda': 0.0002631082518427229}",213874.21328204963,0.01570197942379122,2300.0,70.0,6.0,20.0,0.7801472333737105,3.0,0.6507961193993901,9.689581472280647e-05,0.0002631082518427229
8,"[ 1  2  3  4  5  6  7  8  9 10 11 12 13 14 15 16 17 18 19 20 21 22 23 24
 48 72 96]","{'learning_rate': 0.01869800280237459, 'n_estimators': 2800, 'num_leaves': 83, 'max_depth': 5, 'min_child_samples': 21, 'subsample': 0.6190692534178369, 'subsample_freq': 2, 'colsample_bytree': 0.6556160298404531, 'reg_alpha': 0.010978601076937449, 'reg_lambda': 9.881116210754836e-05}",214599.3512288333,0.01869800280237459,2800.0,83.0,5.0,21.0,0.6190692534178369,2.0,0.6556160298404531,0.010978601076937449,9.881116210754836e-05
9,"[ 1  2  3  4  5  6  7  8  9 10 11 12 13 14 15 16 17 18 19 20 21 22 23 24
 48 72 96]","{'learning_rate': 0.02378551609732703, 'n_estimators': 2500, 'num_leaves': 86, 'max_depth': 6, 'min_child_samples': 24, 'subsample': 0.8053040409788571, 'subsample_freq': 6, 'colsample_bytree': 0.6379684961111151, 'reg_alpha': 4.987505492001917e-05, 'reg_lambda': 0.0017706043916789862}",214654.94490241763,0.02378551609732703,2500.0,86.0,6.0,24.0,0.8053040409788571,6.0,0.6379684961111151,4.987505492001917e-05,0.0017706043916789862
10,"[ 1  2  3  4  5  6  7  8  9 10 11 12 13 14 15 16 17 18 19 20 21 22 23 24
 48 72 96]","{'learning_rate': 0.03565606765777595, 'n_estimators': 2500, 'num_leaves': 60, 'max_depth': 8, 'min_child_samples': 15, 'subsample': 0.7335592128346199, 'subsample_freq': 1, 'colsample_bytree': 0.6783328576065706, 'reg_alpha': 0.014633521091031785, 'reg_lambda': 0.00011959809296615313}",214913.35419213158,0.03565606765777595,2500.0,60.0,8.0,15.0,0.7335592128346199,1.0,0.6783328576065706,0.014633521091031785,0.00011959809296615313
11,"[ 1  2  3  4  5  6  7  8  9 10 11 12 13 14 15 16 17 18 19 20 21 22 23 24
 48 72 96]","{'learning_rate': 0.024783572106042276, 'n_estimators': 1900, 'num_leaves': 69, 'max_depth': 6, 'min_child_samples': 10, 'subsample': 0.6305497975393534, 'subsample_freq': 3, 'colsample_bytree': 0.6694351639565896, 'reg_alpha': 0.024818467014887845, 'reg_lambda': 0.05897475733691182}",215097.6993193464,0.024783572106042276,1900.0,69.0,6.0,10.0,0.6305497975393534,3.0,0.6694351639565896,0.024818467014887845,0.05897475733691182
12,"[ 1  2  3  4  5  6  7  8  9 10 11 12 13 14 15 16 17 18 19 20 21 22 23 24
 48 72 96]","{'learning_rate': 0.020266123963159445, 'n_estimators': 2800, 'num_leaves': 138, 'max_depth': 5, 'min_child_samples': 14, 'subsample': 0.6477263536280875, 'subsample_freq': 1, 'colsample_bytree': 0.6962904219714062, 'reg_alpha': 0.08935053502309666, 'reg_lambda': 6.293314518424214e-05}",215780.28725800884,0.020266123963159445,2800.0,138.0,5.0,14.0,0.6477263536280875,1.0,0.6962904219714062,0.08935053502309666,6.293314518424214e-05
13,"[ 1  2  3  4  5  6  7  8  9 10 11 12 13 14 15 16 17 18 19 20 21 22 23 24
 48 72 96]","{'learning_rate': 0.015073467418286772, 'n_estimators': 2300, 'num_leaves': 70, 'max_depth': 6, 'min_child_samples': 19, 'subsample': 0.7313403136708282, 'subsample_freq': 3, 'colsample_bytree': 0.6547583238533545, 'reg_alpha': 8.499868831961677e-05, 'reg_lambda': 0.00023268260215977956}",216444.8530126086,0.015073467418286772,2300.0,70.0,6.0,19.0,0.7313403136708282,3.0,0.6547583238533545,8.499868831961677e-05,0.00023268260215977956
14,"[ 1  2  3  4  5  6  7  8  9 10 11 12 13 14 15 16 17 18 19 20 21 22 23 24
 48 72 96]","{'learning_rate': 0.02077607016667793, 'n_estimators': 1800, 'num_leaves': 53, 'max_depth': 7, 'min_child_samples': 12, 'subsample': 0.7153787017429307, 'subsample_freq': 0, 'colsample_bytree': 0.7314041519253341, 'reg_alpha': 0.09910655755445964, 'reg_lambda': 6.120739813239172e-05}",216889.93895034672,0.02077607016667793,1800.0,53.0,7.0,12.0,0.7153787017429307,0.0,0.7314041519253341,0.09910655755445964,6.120739813239172e-05
15,"[ 1  2  3  4  5  6  7  8  9 10 11 12 13 14 15 16 17 18 19 20 21 22 23 24
 48 72 96]","{'learning_rate': 0.025479435986586623, 'n_estimators': 2800, 'num_leaves': 69, 'max_depth': 6, 'min_child_samples': 16, 'subsample': 0.6254865817539065, 'subsample_freq': 3, 'colsample_bytree': 0.6722689699356078, 'reg_alpha': 0.010495406654568178, 'reg_lambda': 0.10577411583369734}",216919.39888523938,0.025479435986586623,2800.0,69.0,6.0,16.0,0.6254865817539065,3.0,0.6722689699356078,0.010495406654568178,0.10577411583369734
16,"[ 1  2  3  4  5  6  7  8  9 10 11 12 13 14 15 16 17 18 19 20 21 22 23 24
 48 72 96]","{'learning_rate': 0.019787403535121366, 'n_estimators': 2200, 'num_leaves': 44, 'max_depth': 9, 'min_child_samples': 18, 'subsample': 0.8462738499324519, 'subsample_freq': 2, 'colsample_bytree': 0.6846802911066711, 'reg_alpha': 0.006361596496323762, 'reg_lambda': 0.005459790589687327}",217054.21615543237,0.019787403535121366,2200.0,44.0,9.0,18.0,0.8462738499324519,2.0,0.6846802911066711,0.006361596496323762,0.005459790589687327
17,"[ 1  2  3  4  5  6  7  8  9 10 11 12 13 14 15 16 17 18 19 20 21 22 23 24
 48 72 96]","{'learning_rate': 0.015648344842109408, 'n_estimators': 2400, 'num_leaves': 79, 'max_depth': 7, 'min_child_samples': 26, 'subsample': 0.8044921872016971, 'subsample_freq': 7, 'colsample_bytree': 0.6398020258842004, 'reg_alpha': 9.736327982490953e-06, 'reg_lambda': 0.020914084480283233}",217153.31152804152,0.015648344842109408,2400.0,79.0,7.0,26.0,0.8044921872016971,7.0,0.6398020258842004,9.736327982490953e-06,0.020914084480283233
18,"[ 1  2  3  4  5  6  7  8  9 10 11 12 13 14 15 16 17 18 19 20 21 22 23 24
 48 72 96]","{'learning_rate': 0.029888129872946912, 'n_estimators': 2900, 'num_leaves': 90, 'max_depth': 7, 'min_child_samples': 10, 'subsample': 0.7003823122002135, 'subsample_freq': 2, 'colsample_bytree': 0.759586676157162, 'reg_alpha': 5.380980187740469, 'reg_lambda': 5.776055008594597e-07}",217475.82142157102,0.029888129872946912,2900.0,90.0,7.0,10.0,0.7003823122002135,2.0,0.759586676157162,5.380980187740469,5.776055008594597e-07
19,"[ 1  2  3  4  5  6  7  8  9 10 11 12 13 14 15 16 17 18 19 20 21 22 23 24
 48 72 96]","{'learning_rate': 0.023570385773608482, 'n_estimators': 2700, 'num_leaves': 91, 'max_depth': 6, 'min_child_samples': 12, 'subsample': 0.7040701953873655, 'subsample_freq': 1, 'colsample_bytree': 0.7432988666768179, 'reg_alpha': 0.000444882097461521, 'reg_lambda': 0.00011541366044249547}",217892.0625307786,0.023570385773608482,2700.0,91.0,6.0,12.0,0.7040701953873655,1.0,0.7432988666768179,0.000444882097461521,0.00011541366044249547
20,"[ 1  2  3  4  5  6  7  8  9 10 11 12 13 14 15 16 17 18 19 20 21 22 23 24
 48 72 96]","{'learning_rate': 0.020249391117459447, 'n_estimators': 1800, 'num_leaves': 52, 'max_depth': 8, 'min_child_samples': 12, 'subsample': 0.6767045930064988, 'subsample_freq': 1, 'colsample_bytree': 0.7222065856063763, 'reg_alpha': 0.06772331868186157, 'reg_lambda': 0.051974934097616075}",218000.33840270044,0.020249391117459447,1800.0,52.0,8.0,12.0,0.6767045930064988,1.0,0.7222065856063763,0.06772331868186157,0.051974934097616075
21,"[ 1  2  3  4  5  6  7  8  9 10 11 12 13 14 15 16 17 18 19 20 21 22 23 24
 48 72 96]","{'learning_rate': 0.0137961556483934, 'n_estimators': 2900, 'num_leaves': 116, 'max_depth': 8, 'min_child_samples': 21, 'subsample': 0.6866979336980265, 'subsample_freq': 2, 'colsample_bytree': 0.6609844932764173, 'reg_alpha': 0.000527308896585456, 'reg_lambda': 0.0001706545241648135}",218184.14558119187,0.0137961556483934,2900.0,116.0,8.0,21.0,0.6866979336980265,2.0,0.6609844932764173,0.000527308896585456,0.0001706545241648135
22,"[ 1  2  3  4  5  6  7  8  9 10 11 12 13 14 15 16 17 18 19 20 21 22 23 24
 48 72 96]","{'learning_rate': 0.02188944791883485, 'n_estimators': 2600, 'num_leaves': 72, 'max_depth': 7, 'min_child_samples': 25, 'subsample': 0.6605542645291195, 'subsample_freq': 2, 'colsample_bytree': 0.691216682494835, 'reg_alpha': 4.863869795138117e-07, 'reg_lambda': 2.260580417926266e-05}",218213.79341291822,0.02188944791883485,2600.0,72.0,7.0,25.0,0.6605542645291195,2.0,0.691216682494835,4.863869795138117e-07,2.260580417926266e-05
23,"[ 1  2  3  4  5  6  7  8  9 10 11 12 13 14 15 16 17 18 19 20 21 22 23 24
 48 72 96]","{'learning_rate': 0.01830648063935172, 'n_estimators': 2500, 'num_leaves': 85, 'max_depth': 6, 'min_child_samples': 27, 'subsample': 0.8063184105646348, 'subsample_freq': 5, 'colsample_bytree': 0.6415385845093994, 'reg_alpha': 5.209358311612068e-05, 'reg_lambda': 3.0221063958375396}",218368.2169034442,0.01830648063935172,2500.0,85.0,6.0,27.0,0.8063184105646348,5.0,0.6415385845093994,5.209358311612068e-05,3.0221063958375396
24,"[ 1  2  3  4  5  6  7  8  9 10 11 12 13 14 15 16 17 18 19 20 21 22 23 24
 48 72 96]","{'learning_rate': 0.023004238092947632, 'n_estimators': 2800, 'num_leaves': 149, 'max_depth': 5, 'min_child_samples': 13, 'subsample': 0.654471449599578, 'subsample_freq': 0, 'colsample_bytree': 0.7102504398762653, 'reg_alpha': 0.14871162666249557, 'reg_lambda': 6.938667229165182e-05}",218396.4004248109,0.023004238092947632,2800.0,149.0,5.0,13.0,0.654471449599578,0.0,0.7102504398762653,0.14871162666249557,6.938667229165182e-05
25,"[ 1  2  3  4  5  6  7  8  9 10 11 12 13 14 15 16 17 18 19 20 21 22 23 24
 48 72 96]","{'learning_rate': 0.05074383744389892, 'n_estimators': 2000, 'num_leaves': 86, 'max_depth': 6, 'min_child_samples': 28, 'subsample': 0.7413158187282217, 'subsample_freq': 1, 'colsample_bytree': 0.6147987367700469, 'reg_alpha': 3.0728564323593937e-06, 'reg_lambda': 0.00045883186742412747}",218937.32402308236,0.05074383744389892,2000.0,86.0,6.0,28.0,0.7413158187282217,1.0,0.6147987367700469,3.0728564323593937e-06,0.00045883186742412747
26,"[ 1  2  3  4  5  6  7  8  9 10 11 12 13 14 15 16 17 18 19 20 21 22 23 24
 48 72 96]","{'learning_rate': 0.0176070518442464, 'n_estimators': 2700, 'num_leaves': 110, 'max_depth': 6, 'min_child_samples': 14, 'subsample': 0.7738999437921374, 'subsample_freq': 1, 'colsample_bytree': 0.8523987351269029, 'reg_alpha': 0.06095482251421982, 'reg_lambda': 6.262086129162939e-06}",219260.4026386748,0.0176070518442464,2700.0,110.0,6.0,14.0,0.7738999437921374,1.0,0.8523987351269029,0.06095482251421982,6.262086129162939e-06
27,"[ 1  2  3  4  5  6  7  8  9 10 11 12 13 14 15 16 17 18 19 20 21 22 23 24
 48 72 96]","{'learning_rate': 0.027756490965333162, 'n_estimators': 2200, 'num_leaves': 65, 'max_depth': 8, 'min_child_samples': 41, 'subsample': 0.6334397214312296, 'subsample_freq': 3, 'colsample_bytree': 0.6771503121174577, 'reg_alpha': 0.014913364721266637, 'reg_lambda': 0.051338641481877854}",219450.94219839646,0.027756490965333162,2200.0,65.0,8.0,41.0,0.6334397214312296,3.0,0.6771503121174577,0.014913364721266637,0.051338641481877854
28,"[ 1  2  3  4  5  6  7  8  9 10 11 12 13 14 15 16 17 18 19 20 21 22 23 24
 48 72 96]","{'learning_rate': 0.03285020263340565, 'n_estimators': 2500, 'num_leaves': 24, 'max_depth': 8, 'min_child_samples': 17, 'subsample': 0.7431147439575748, 'subsample_freq': 1, 'colsample_bytree': 0.6786828685615114, 'reg_alpha': 0.01145270076143745, 'reg_lambda': 0.0007961670562719247}",219765.6984519138,0.03285020263340565,2500.0,24.0,8.0,17.0,0.7431147439575748,1.0,0.6786828685615114,0.01145270076143745,0.0007961670562719247
29,"[ 1  2  3  4  5  6  7  8  9 10 11 12 13 14 15 16 17 18 19 20 21 22 23 24
 48 72 96]","{'learning_rate': 0.024846683624624322, 'n_estimators': 2300, 'num_leaves': 74, 'max_depth': 7, 'min_child_samples': 24, 'subsample': 0.7834927463153771, 'subsample_freq': 6, 'colsample_bytree': 0.6251920083999993, 'reg_alpha': 9.064670433599978e-06, 'reg_lambda': 0.0017419876458011827}",220744.91101299372,0.024846683624624322,2300.0,74.0,7.0,24.0,0.7834927463153771,6.0,0.6251920083999993,9.064670433599978e-06,0.0017419876458011827
30,"[ 1  2  3  4  5  6  7  8  9 10 11 12 13 14 15 16 17 18 19 20 21 22 23 24
 48 72 96]","{'learning_rate': 0.040587238184995024, 'n_estimators': 2600, 'num_leaves': 136, 'max_depth': 5, 'min_child_samples': 11, 'subsample': 0.6530143899619469, 'subsample_freq': 0, 'colsample_bytree': 0.6650307855733271, 'reg_alpha': 0.5493836664016253, 'reg_lambda': 2.592270767700069e-05}",220780.04750688584,0.040587238184995024,2600.0,136.0,5.0,11.0,0.6530143899619469,0.0,0.6650307855733271,0.5493836664016253,2.592270767700069e-05
31,"[  1   2   3   4   5   6   7   8   9  10  11  12  13  14  15  16  17  18
  19  20  21  22  23  24 168]","{'learning_rate': 0.036291917347164394, 'n_estimators': 2600, 'num_leaves': 123, 'max_depth': 5, 'min_child_samples': 24, 'subsample': 0.7607743230591966, 'subsample_freq': 9, 'colsample_bytree': 0.6178263928735142, 'reg_alpha': 0.00022648654033664034, 'reg_lambda': 8.036899468332583e-08}",221438.71160233847,0.036291917347164394,2600.0,123.0,5.0,24.0,0.7607743230591966,9.0,0.6178263928735142,0.00022648654033664034,8.036899468332583e-08
32,"[ 1  2  3  4  5  6  7  8  9 10 11 12 13 14 15 16 17 18 19 20 21 22 23 24
 48 72 96]","{'learning_rate': 0.012621731080769827, 'n_estimators': 2500, 'num_leaves': 61, 'max_depth': 6, 'min_child_samples': 19, 'subsample': 0.6875424487840942, 'subsample_freq': 2, 'colsample_bytree': 0.6504680527358844, 'reg_alpha': 0.0003433824849857171, 'reg_lambda': 4.2620738636984674e-05}",221458.94909395403,0.012621731080769827,2500.0,61.0,6.0,19.0,0.6875424487840942,2.0,0.6504680527358844,0.0003433824849857171,4.2620738636984674e-05
33,"[ 1  2  3  4  5  6  7  8  9 10 11 12 13 14 15 16 17 18 19 20 21 22 23 24
 48 72 96]","{'learning_rate': 0.03352023573560593, 'n_estimators': 2100, 'num_leaves': 58, 'max_depth': 8, 'min_child_samples': 17, 'subsample': 0.6638277272034088, 'subsample_freq': 1, 'colsample_bytree': 0.6890186425283301, 'reg_alpha': 0.0035308963332092895, 'reg_lambda': 0.00016674579582516067}",222120.80985717796,0.03352023573560593,2100.0,58.0,8.0,17.0,0.6638277272034088,1.0,0.6890186425283301,0.0035308963332092895,0.00016674579582516067
34,"[  1   2   3   4   5   6   7   8   9  10  11  12  13  14  15  16  17  18
  19  20  21  22  23  24 168]","{'learning_rate': 0.018712481720864038, 'n_estimators': 2400, 'num_leaves': 88, 'max_depth': 6, 'min_child_samples': 21, 'subsample': 0.7213861194466026, 'subsample_freq': 2, 'colsample_bytree': 0.6662981359936423, 'reg_alpha': 2.435252905060414e-06, 'reg_lambda': 0.00039054626171292414}",222201.40719480836,0.018712481720864038,2400.0,88.0,6.0,21.0,0.7213861194466026,2.0,0.6662981359936423,2.435252905060414e-06,0.00039054626171292414
35,"[ 1  2  3  4  5  6  7  8  9 10 11 12 13 14 15 16 17 18 19 20 21 22 23 24
 48 72 96]","{'learning_rate': 0.030516345683338057, 'n_estimators': 2300, 'num_leaves': 126, 'max_depth': 7, 'min_child_samples': 25, 'subsample': 0.6385109742380674, 'subsample_freq': 0, 'colsample_bytree': 0.6940256673473406, 'reg_alpha': 0.0004589842641926924, 'reg_lambda': 0.39240759727689534}",222243.1311147009,0.030516345683338057,2300.0,126.0,7.0,25.0,0.6385109742380674,0.0,0.6940256673473406,0.0004589842641926924,0.39240759727689534
36,"[ 1  2  3  4  5  6  7  8  9 10 11 12 13 14 15 16 17 18 19 20 21 22 23 24
 48 72 96]","{'learning_rate': 0.03842820189868479, 'n_estimators': 2100, 'num_leaves': 60, 'max_depth': 9, 'min_child_samples': 14, 'subsample': 0.6131925734532161, 'subsample_freq': 2, 'colsample_bytree': 0.6358214271783393, 'reg_alpha': 0.021881076933348436, 'reg_lambda': 0.00013095225496406528}",222281.12899118278,0.03842820189868479,2100.0,60.0,9.0,14.0,0.6131925734532161,2.0,0.6358214271783393,0.021881076933348436,0.00013095225496406528
37,"[ 1  2  3  4  5  6  7  8  9 10 11 12 13 14 15 16 17 18 19 20 21 22 23 24
 48 72 96]","{'learning_rate': 0.0328064968740532, 'n_estimators': 1700, 'num_leaves': 77, 'max_depth': 5, 'min_child_samples': 23, 'subsample': 0.6422594133663521, 'subsample_freq': 3, 'colsample_bytree': 0.7066925251142148, 'reg_alpha': 0.02625669933996321, 'reg_lambda': 0.3702619501727604}",222361.23495907243,0.0328064968740532,1700.0,77.0,5.0,23.0,0.6422594133663521,3.0,0.7066925251142148,0.02625669933996321,0.3702619501727604
38,"[ 1  2  3  4  5  6  7  8  9 10 11 12 13 14 15 16 17 18 19 20 21 22 23 24
 48 72 96]","{'learning_rate': 0.01654162879398632, 'n_estimators': 2500, 'num_leaves': 85, 'max_depth': 5, 'min_child_samples': 35, 'subsample': 0.6180597706097094, 'subsample_freq': 3, 'colsample_bytree': 0.6530096065395907, 'reg_alpha': 0.013142363253460621, 'reg_lambda': 0.0003580046794533448}",222816.91750742777,0.01654162879398632,2500.0,85.0,5.0,35.0,0.6180597706097094,3.0,0.6530096065395907,0.013142363253460621,0.0003580046794533448
39,"[ 1  2  3  4  5  6  7  8  9 10 11 12 13 14 15 16 17 18 19 20 21 22 23 24
 48 72 96]","{'learning_rate': 0.013539721553788154, 'n_estimators': 2700, 'num_leaves': 76, 'max_depth': 5, 'min_child_samples': 31, 'subsample': 0.6998107303696827, 'subsample_freq': 1, 'colsample_bytree': 0.6259949419279585, 'reg_alpha': 0.0007704545624643312, 'reg_lambda': 2.4942197343334504e-05}",223284.3019085839,0.013539721553788154,2700.0,76.0,5.0,31.0,0.6998107303696827,1.0,0.6259949419279585,0.0007704545624643312,2.4942197343334504e-05
40,"[ 1  2  3  4  5  6  7  8  9 10 11 12 13 14 15 16 17 18 19 20 21 22 23 24
 48 72 96]","{'learning_rate': 0.020069398306039633, 'n_estimators': 2300, 'num_leaves': 42, 'max_depth': 9, 'min_child_samples': 15, 'subsample': 0.8149079544926121, 'subsample_freq': 2, 'colsample_bytree': 0.6730899335459906, 'reg_alpha': 0.006355614374312639, 'reg_lambda': 0.001088357916534623}",223566.19909919385,0.020069398306039633,2300.0,42.0,9.0,15.0,0.8149079544926121,2.0,0.6730899335459906,0.006355614374312639,0.001088357916534623
41,"[ 1  2  3  4  5  6  7  8  9 10 11 12 13 14 15 16 17 18 19 20 21 22 23 24
 48 72 96]","{'learning_rate': 0.02246067884217976, 'n_estimators': 2700, 'num_leaves': 49, 'max_depth': 7, 'min_child_samples': 106, 'subsample': 0.6736645891820463, 'subsample_freq': 6, 'colsample_bytree': 0.6569721370203797, 'reg_alpha': 1.5381545523277725e-05, 'reg_lambda': 5.5593533789683354e-05}",223905.0035788394,0.02246067884217976,2700.0,49.0,7.0,106.0,0.6736645891820463,6.0,0.6569721370203797,1.5381545523277725e-05,5.5593533789683354e-05
42,"[ 1  2  3  4  5  6  7  8  9 10 11 12 13 14 15 16 17 18 19 20 21 22 23 24
 48 72 96]","{'learning_rate': 0.017374009212893594, 'n_estimators': 2200, 'num_leaves': 44, 'max_depth': 10, 'min_child_samples': 32, 'subsample': 0.832353922635601, 'subsample_freq': 4, 'colsample_bytree': 0.7100412703622202, 'reg_alpha': 2.1559882583761694e-05, 'reg_lambda': 0.014969912370781447}",225031.97444084194,0.017374009212893594,2200.0,44.0,10.0,32.0,0.832353922635601,4.0,0.7100412703622202,2.1559882583761694e-05,0.014969912370781447
43,"[ 1  2  3  4  5  6  7  8  9 10 11 12 13 14 15 16 17 18 19 20 21 22 23 24
 48 72 96]","{'learning_rate': 0.028510246323157008, 'n_estimators': 800, 'num_leaves': 58, 'max_depth': 8, 'min_child_samples': 18, 'subsample': 0.7089849672531005, 'subsample_freq': 0, 'colsample_bytree': 0.636216673280503, 'reg_alpha': 1.325306966415805e-08, 'reg_lambda': 9.859925796276127e-05}",225469.5894940254,0.028510246323157008,800.0,58.0,8.0,18.0,0.7089849672531005,0.0,0.636216673280503,1.325306966415805e-08,9.859925796276127e-05
44,"[ 1  2  3  4  5  6  7  8  9 10 11 12 13 14 15 16 17 18 19 20 21 22 23 24
 48 72 96]","{'learning_rate': 0.044201909222382374, 'n_estimators': 1200, 'num_leaves': 45, 'max_depth': 11, 'min_child_samples': 20, 'subsample': 0.6677946188845189, 'subsample_freq': 1, 'colsample_bytree': 0.6165766572741012, 'reg_alpha': 0.33950052113526985, 'reg_lambda': 0.3792661020293332}",225596.9689765494,0.044201909222382374,1200.0,45.0,11.0,20.0,0.6677946188845189,1.0,0.6165766572741012,0.33950052113526985,0.3792661020293332
45,"[ 1  2  3  4  5  6  7  8  9 10 11 12 13 14 15 16 17 18 19 20 21 22 23 24
 48 72 96]","{'learning_rate': 0.021395926365743993, 'n_estimators': 2500, 'num_leaves': 102, 'max_depth': 5, 'min_child_samples': 20, 'subsample': 0.6147741440271167, 'subsample_freq': 1, 'colsample_bytree': 0.8064746094432311, 'reg_alpha': 0.1073429248111355, 'reg_lambda': 7.632477489772179e-05}",225826.34557102996,0.021395926365743993,2500.0,102.0,5.0,20.0,0.6147741440271167,1.0,0.8064746094432311,0.1073429248111355,7.632477489772179e-05
46,"[ 1  2  3  4  5  6  7  8  9 10 11 12 13 14 15 16 17 18 19 20 21 22 23 24
 48 72 96]","{'learning_rate': 0.04498596570889899, 'n_estimators': 1700, 'num_leaves': 47, 'max_depth': 9, 'min_child_samples': 19, 'subsample': 0.8515194250859599, 'subsample_freq': 1, 'colsample_bytree': 0.6194080055698707, 'reg_alpha': 0.9505112460250157, 'reg_lambda': 0.004195541488015976}",226108.5051201278,0.04498596570889899,1700.0,47.0,9.0,19.0,0.8515194250859599,1.0,0.6194080055698707,0.9505112460250157,0.004195541488015976
47,"[ 1  2  3  4  5  6  7  8  9 10 11 12 13 14 15 16 17 18 19 20 21 22 23 24
 48 72 96]","{'learning_rate': 0.019784716288301616, 'n_estimators': 2200, 'num_leaves': 46, 'max_depth': 10, 'min_child_samples': 35, 'subsample': 0.8445768647689766, 'subsample_freq': 4, 'colsample_bytree': 0.7220171359208319, 'reg_alpha': 2.316447064555209e-05, 'reg_lambda': 0.013887238241557572}",226290.12910580117,0.019784716288301616,2200.0,46.0,10.0,35.0,0.8445768647689766,4.0,0.7220171359208319,2.316447064555209e-05,0.013887238241557572
48,"[ 1  2  3  4  5  6  7  8  9 10 11 12 13 14 15 16 17 18 19 20 21 22 23 24
 48 72 96]","{'learning_rate': 0.012604768325459169, 'n_estimators': 3000, 'num_leaves': 30, 'max_depth': 10, 'min_child_samples': 28, 'subsample': 0.9271790604560585, 'subsample_freq': 4, 'colsample_bytree': 0.7727851455481121, 'reg_alpha': 6.514794776555532e-07, 'reg_lambda': 1.167428346240248}",227700.81740423953,0.012604768325459169,3000.0,30.0,10.0,28.0,0.9271790604560585,4.0,0.7727851455481121,6.514794776555532e-07,1.167428346240248
49,"[ 1  2  3  4  5  6  7  8  9 10 11 12 13 14 15 16 17 18 19 20 21 22 23 24
 48 72 96]","{'learning_rate': 0.0159222372389237, 'n_estimators': 2200, 'num_leaves': 39, 'max_depth': 10, 'min_child_samples': 33, 'subsample': 0.8421319800232204, 'subsample_freq': 3, 'colsample_bytree': 0.7270928552668908, 'reg_alpha': 3.468428109807565e-05, 'reg_lambda': 0.008466739417797256}",227722.62019926409,0.0159222372389237,2200.0,39.0,10.0,33.0,0.8421319800232204,3.0,0.7270928552668908,3.468428109807565e-05,0.008466739417797256
50,"[ 1  2  3  4  5  6  7  8  9 10 11 12 13 14 15 16 17 18 19 20 21 22 23 24
 48 72 96]","{'learning_rate': 0.02405335580299354, 'n_estimators': 1000, 'num_leaves': 51, 'max_depth': 11, 'min_child_samples': 169, 'subsample': 0.8007346703537346, 'subsample_freq': 6, 'colsample_bytree': 0.6462473580317183, 'reg_alpha': 7.1708285081421445e-06, 'reg_lambda': 5.412973582738627e-05}",227767.96177817814,0.02405335580299354,1000.0,51.0,11.0,169.0,0.8007346703537346,6.0,0.6462473580317183,7.1708285081421445e-06,5.412973582738627e-05
51,"[  1   2   3   4   5   6   7   8   9  10  11  12  13  14  15  16  17  18
  19  20  21  22  23  24 167 168 169]","{'learning_rate': 0.018988495773053237, 'n_estimators': 2200, 'num_leaves': 65, 'max_depth': 6, 'min_child_samples': 35, 'subsample': 0.6957642798152314, 'subsample_freq': 1, 'colsample_bytree': 0.6233942184802936, 'reg_alpha': 8.686584294700412e-08, 'reg_lambda': 0.00016662235225857981}",228355.97319441327,0.018988495773053237,2200.0,65.0,6.0,35.0,0.6957642798152314,1.0,0.6233942184802936,8.686584294700412e-08,0.00016662235225857981
52,"[ 1  2  3  4  5  6  7  8  9 10 11 12 13 14 15 16 17 18 19 20 21 22 23 24
 48 72 96]","{'learning_rate': 0.01116717505872378, 'n_estimators': 2100, 'num_leaves': 62, 'max_depth': 7, 'min_child_samples': 22, 'subsample': 0.7819973672381095, 'subsample_freq': 6, 'colsample_bytree': 0.6606584218282056, 'reg_alpha': 0.00013402398115086922, 'reg_lambda': 0.1834167556544948}",230357.91241707455,0.01116717505872378,2100.0,62.0,7.0,22.0,0.7819973672381095,6.0,0.6606584218282056,0.00013402398115086922,0.1834167556544948
53,"[  1   2   3   4   5   6   7   8   9  10  11  12  13  14  15  16  17  18
  19  20  21  22  23  24 167 168 169]","{'learning_rate': 0.09417390440767184, 'n_estimators': 2900, 'num_leaves': 17, 'max_depth': 8, 'min_child_samples': 61, 'subsample': 0.9990229146824432, 'subsample_freq': 0, 'colsample_bytree': 0.6673922210884572, 'reg_alpha': 0.00015585552943857395, 'reg_lambda': 0.00029880226005018167}",230501.5006364218,0.09417390440767184,2900.0,17.0,8.0,61.0,0.9990229146824432,0.0,0.6673922210884572,0.00015585552943857395,0.00029880226005018167
54,"[  1   2   3   4   5   6   7   8   9  10  11  12  13  14  15  16  17  18
  19  20  21  22  23  24 167 168 169]","{'learning_rate': 0.030310155039167307, 'n_estimators': 1900, 'num_leaves': 66, 'max_depth': 8, 'min_child_samples': 30, 'subsample': 0.7510769561149268, 'subsample_freq': 5, 'colsample_bytree': 0.6720351855369551, 'reg_alpha': 0.0002623836047060766, 'reg_lambda': 0.0005190078981514894}",231474.645111183,0.030310155039167307,1900.0,66.0,8.0,30.0,0.7510769561149268,5.0,0.6720351855369551,0.0002623836047060766,0.0005190078981514894
55,"[  1   2   3   4   5   6   7   8   9  10  11  12  13  14  15  16  17  18
  19  20  21  22  23  24 168]","{'learning_rate': 0.03524210936850201, 'n_estimators': 2400, 'num_leaves': 34, 'max_depth': 4, 'min_child_samples': 22, 'subsample': 0.8700134677585125, 'subsample_freq': 2, 'colsample_bytree': 0.7314601954310258, 'reg_alpha': 0.04813461035944116, 'reg_lambda': 0.0002663845585866313}",232588.77406594437,0.03524210936850201,2400.0,34.0,4.0,22.0,0.8700134677585125,2.0,0.7314601954310258,0.04813461035944116,0.0002663845585866313
56,"[ 1  2  3  4  5  6  7  8  9 10 11 12 13 14 15 16 17 18 19 20 21 22 23 24
 48 72 96]","{'learning_rate': 0.037650917352145936, 'n_estimators': 1000, 'num_leaves': 46, 'max_depth': 11, 'min_child_samples': 10, 'subsample': 0.702599434515831, 'subsample_freq': 2, 'colsample_bytree': 0.6008955327110869, 'reg_alpha': 9.551531016159075, 'reg_lambda': 0.1911124961367011}",233111.1910545237,0.037650917352145936,1000.0,46.0,11.0,10.0,0.702599434515831,2.0,0.6008955327110869,9.551531016159075,0.1911124961367011
57,"[  1   2   3   4   5   6   7   8   9  10  11  12  13  14  15  16  17  18
  19  20  21  22  23  24  47  48  49 167 168 169]","{'learning_rate': 0.018952014212387385, 'n_estimators': 3000, 'num_leaves': 83, 'max_depth': 6, 'min_child_samples': 23, 'subsample': 0.73131094000792, 'subsample_freq': 2, 'colsample_bytree': 0.645192394885009, 'reg_alpha': 0.0018741775434062023, 'reg_lambda': 9.3126352500808e-05}",233361.89043133426,0.018952014212387385,3000.0,83.0,6.0,23.0,0.73131094000792,2.0,0.645192394885009,0.0018741775434062023,9.3126352500808e-05
58,"[ 1  2  3  4  5  6  7  8  9 10 11 12 13 14 15 16 17 18 19 20 21 22 23 24
 48 72 96]","{'learning_rate': 0.008948956436584311, 'n_estimators': 2200, 'num_leaves': 106, 'max_depth': 7, 'min_child_samples': 18, 'subsample': 0.7227991937063326, 'subsample_freq': 8, 'colsample_bytree': 0.6804279106953083, 'reg_alpha': 4.285358485266782e-05, 'reg_lambda': 0.0010050975186232766}",233708.24071175104,0.008948956436584311,2200.0,106.0,7.0,18.0,0.7227991937063326,8.0,0.6804279106953083,4.285358485266782e-05,0.0010050975186232766
59,"[ 1  2  3  4  5  6  7  8  9 10 11 12 13 14 15 16 17 18 19 20 21 22 23 24
 25 26 27 28 29 30 31 32 33 34 35 36 37 38 39 40 41 42 43 44 45 46 47 48
 49 50 51 52 53 54 55 56 57 58 59 60 61 62 63 64 65 66 67 68 69 70 71 72]","{'learning_rate': 0.042070049198083825, 'n_estimators': 2400, 'num_leaves': 110, 'max_depth': 5, 'min_child_samples': 29, 'subsample': 0.7382047245748679, 'subsample_freq': 0, 'colsample_bytree': 0.6333567252563307, 'reg_alpha': 7.371470877587032e-05, 'reg_lambda': 2.1404798546075124e-06}",233734.46898082257,0.042070049198083825,2400.0,110.0,5.0,29.0,0.7382047245748679,0.0,0.6333567252563307,7.371470877587032e-05,2.1404798546075124e-06
60,"[  1   2   3   4   5   6   7   8   9  10  11  12  13  14  15  16  17  18
  19  20  21  22  23  24  25  26  27  28  29  30  31  32  33  34  35  36
  37  38  39  40  41  42  43  44  45  46  47  48  49  50  51  52  53  54
  55  56  57  58  59  60  61  62  63  64  65  66  67  68  69  70  71  72
  73  74  75  76  77  78  79  80  81  82  83  84  85  86  87  88  89  90
  91  92  93  94  95  96  97  98  99 100 101 102 103 104 105 106 107 108
 109 110 111 112 113 114 115 116 117 118 119 120 121 122 123 124 125 126
 127 128 129 130 131 132 133 134 135 136 137 138 139 140 141 142 143 144
 145 146 147 148 149 150 151 152 153 154 155 156 157 158 159 160 161 162
 163 164 165 166 167 168]","{'learning_rate': 0.02372291423481101, 'n_estimators': 2300, 'num_leaves': 93, 'max_depth': 6, 'min_child_samples': 20, 'subsample': 0.76498295476413, 'subsample_freq': 4, 'colsample_bytree': 0.6250854203856843, 'reg_alpha': 2.0926194637095618e-05, 'reg_lambda': 0.00993608470638972}",234752.04453534374,0.02372291423481101,2300.0,93.0,6.0,20.0,0.76498295476413,4.0,0.6250854203856843,2.0926194637095618e-05,0.00993608470638972
61,"[ 1  2  3  4  5  6  7  8  9 10 11 12 13 14 15 16 17 18 19 20 21 22 23 24
 48 72 96]","{'learning_rate': 0.014521420852013965, 'n_estimators': 3000, 'num_leaves': 193, 'max_depth': 4, 'min_child_samples': 15, 'subsample': 0.674167443402402, 'subsample_freq': 1, 'colsample_bytree': 0.696915167431652, 'reg_alpha': 0.001094209848330521, 'reg_lambda': 3.908253461297032e-06}",234827.99298070837,0.014521420852013965,3000.0,193.0,4.0,15.0,0.674167443402402,1.0,0.696915167431652,0.001094209848330521,3.908253461297032e-06
62,[ 1  2  3  4  5  6  7  8  9 10 11 12 13 14 15 16 17 18 19 20 21 22 23 24],"{'learning_rate': 0.012165289884374413, 'n_estimators': 2400, 'num_leaves': 30, 'max_depth': 7, 'min_child_samples': 25, 'subsample': 0.7198213596956193, 'subsample_freq': 2, 'colsample_bytree': 0.7450466310708099, 'reg_alpha': 0.2685586096779459, 'reg_lambda': 4.88040707515321e-06}",234882.88028808762,0.012165289884374413,2400.0,30.0,7.0,25.0,0.7198213596956193,2.0,0.7450466310708099,0.2685586096779459,4.88040707515321e-06
63,"[ 1  2  3  4  5  6  7  8  9 10 11 12 13 14 15 16 17 18 19 20 21 22 23 24
 48 72 96]","{'learning_rate': 0.024277727671038158, 'n_estimators': 700, 'num_leaves': 55, 'max_depth': 8, 'min_child_samples': 13, 'subsample': 0.7187443101922718, 'subsample_freq': 10, 'colsample_bytree': 0.8276014925720782, 'reg_alpha': 0.00013083019168958846, 'reg_lambda': 0.06049701091106226}",235321.1739666057,0.024277727671038158,700.0,55.0,8.0,13.0,0.7187443101922718,10.0,0.8276014925720782,0.00013083019168958846,0.06049701091106226
64,"[ 1  2  3  4  5  6  7  8  9 10 11 12 13 14 15 16 17 18 19 20 21 22 23 24
 25 26 27 28 29 30 31 32 33 34 35 36 37 38 39 40 41 42 43 44 45 46 47 48
 49 50 51 52 53 54 55 56 57 58 59 60 61 62 63 64 65 66 67 68 69 70 71 72]","{'learning_rate': 0.01671735142517757, 'n_estimators': 2600, 'num_leaves': 90, 'max_depth': 6, 'min_child_samples': 26, 'subsample': 0.7493096416903964, 'subsample_freq': 1, 'colsample_bytree': 0.6849072953102661, 'reg_alpha': 9.938564501764452e-05, 'reg_lambda': 0.0002212742974587607}",236864.8751733339,0.01671735142517757,2600.0,90.0,6.0,26.0,0.7493096416903964,1.0,0.6849072953102661,9.938564501764452e-05,0.0002212742974587607
65,"[  1   2   3   4   5   6   7   8   9  10  11  12  13  14  15  16  17  18
  19  20  21  22  23  24  25  26  27  28  29  30  31  32  33  34  35  36
  37  38  39  40  41  42  43  44  45  46  47  48  49  50  51  52  53  54
  55  56  57  58  59  60  61  62  63  64  65  66  67  68  69  70  71  72
  73  74  75  76  77  78  79  80  81  82  83  84  85  86  87  88  89  90
  91  92  93  94  95  96  97  98  99 100 101 102 103 104 105 106 107 108
 109 110 111 112 113 114 115 116 117 118 119 120 121 122 123 124 125 126
 127 128 129 130 131 132 133 134 135 136 137 138 139 140 141 142 143 144
 145 146 147 148 149 150 151 152 153 154 155 156 157 158 159 160 161 162
 163 164 165 166 167 168]","{'learning_rate': 0.03293815213851239, 'n_estimators': 2500, 'num_leaves': 24, 'max_depth': 7, 'min_child_samples': 16, 'subsample': 0.7514421646542452, 'subsample_freq': 2, 'colsample_bytree': 0.6818843632519025, 'reg_alpha': 0.007396038620431342, 'reg_lambda': 0.0006333785480098673}",237619.8179873863,0.03293815213851239,2500.0,24.0,7.0,16.0,0.7514421646542452,2.0,0.6818843632519025,0.007396038620431342,0.0006333785480098673
66,"[ 1  2  3  4  5  6  7  8  9 10 11 12 13 14 15 16 17 18 19 20 21 22 23 24
 48 72 96]","{'learning_rate': 0.022200315283138285, 'n_estimators': 2000, 'num_leaves': 80, 'max_depth': 4, 'min_child_samples': 38, 'subsample': 0.7936674662437371, 'subsample_freq': 3, 'colsample_bytree': 0.8327317695236851, 'reg_alpha': 0.1324685961928571, 'reg_lambda': 0.005722915091346824}",237641.96684663056,0.022200315283138285,2000.0,80.0,4.0,38.0,0.7936674662437371,3.0,0.8327317695236851,0.1324685961928571,0.005722915091346824
67,"[  1   2   3   4   5   6   7   8   9  10  11  12  13  14  15  16  17  18
  19  20  21  22  23  24 167 168 169]","{'learning_rate': 0.05389233786355936, 'n_estimators': 1700, 'num_leaves': 50, 'max_depth': 9, 'min_child_samples': 11, 'subsample': 0.6929293868571303, 'subsample_freq': 1, 'colsample_bytree': 0.6318158248630218, 'reg_alpha': 0.002377732881419625, 'reg_lambda': 1.2723990564794903e-05}",239536.62687255986,0.05389233786355936,1700.0,50.0,9.0,11.0,0.6929293868571303,1.0,0.6318158248630218,0.002377732881419625,1.2723990564794903e-05
68,"[ 1  2  3  4  5  6  7  8  9 10 11 12 13 14 15 16 17 18 19 20 21 22 23 24
 48 72 96]","{'learning_rate': 0.005995804174315942, 'n_estimators': 2000, 'num_leaves': 70, 'max_depth': 6, 'min_child_samples': 47, 'subsample': 0.8268871228795518, 'subsample_freq': 7, 'colsample_bytree': 0.6109950532537667, 'reg_alpha': 0.0014216813851503883, 'reg_lambda': 0.0031790205821711276}",239761.3923954377,0.005995804174315942,2000.0,70.0,6.0,47.0,0.8268871228795518,7.0,0.6109950532537667,0.0014216813851503883,0.0031790205821711276
69,"[  1   2   3   4   5   6   7   8   9  10  11  12  13  14  15  16  17  18
  19  20  21  22  23  24 168]","{'learning_rate': 0.01548648779863107, 'n_estimators': 2000, 'num_leaves': 21, 'max_depth': 9, 'min_child_samples': 142, 'subsample': 0.8785245072941625, 'subsample_freq': 4, 'colsample_bytree': 0.7752857537508898, 'reg_alpha': 0.0768891141123167, 'reg_lambda': 0.0012324746946208113}",240637.34733434665,0.01548648779863107,2000.0,21.0,9.0,142.0,0.8785245072941625,4.0,0.7752857537508898,0.0768891141123167,0.0012324746946208113
70,"[  1   2   3   4   5   6   7   8   9  10  11  12  13  14  15  16  17  18
  19  20  21  22  23  24  47  48  49 167 168 169]","{'learning_rate': 0.018261454683301606, 'n_estimators': 2700, 'num_leaves': 34, 'max_depth': 9, 'min_child_samples': 12, 'subsample': 0.7919662906987086, 'subsample_freq': 3, 'colsample_bytree': 0.7003676423081395, 'reg_alpha': 0.002897788053328103, 'reg_lambda': 0.0020615691014481017}",240862.85611220248,0.018261454683301606,2700.0,34.0,9.0,12.0,0.7919662906987086,3.0,0.7003676423081395,0.002897788053328103,0.0020615691014481017
71,[ 1  2  3  4  5  6  7  8  9 10 11 12 13 14 15 16 17 18 19 20 21 22 23 24],"{'learning_rate': 0.02916390112712428, 'n_estimators': 1400, 'num_leaves': 59, 'max_depth': 12, 'min_child_samples': 88, 'subsample': 0.965285553983901, 'subsample_freq': 5, 'colsample_bytree': 0.6298606215131641, 'reg_alpha': 0.005002673491116362, 'reg_lambda': 1.809826342898377e-08}",240879.14913400184,0.02916390112712428,1400.0,59.0,12.0,88.0,0.965285553983901,5.0,0.6298606215131641,0.005002673491116362,1.809826342898377e-08
72,"[ 1  2  3  4  5  6  7  8  9 10 11 12 13 14 15 16 17 18 19 20 21 22 23 24
 25 26 27 28 29 30 31 32 33 34 35 36 37 38 39 40 41 42 43 44 45 46 47 48
 49 50 51 52 53 54 55 56 57 58 59 60 61 62 63 64 65 66 67 68 69 70 71 72]","{'learning_rate': 0.06440624913979762, 'n_estimators': 1400, 'num_leaves': 101, 'max_depth': 10, 'min_child_samples': 33, 'subsample': 0.7502548215540172, 'subsample_freq': 8, 'colsample_bytree': 0.6668035117597831, 'reg_alpha': 0.3781616773644981, 'reg_lambda': 1.078787562866638e-06}",240885.9553354722,0.06440624913979762,1400.0,101.0,10.0,33.0,0.7502548215540172,8.0,0.6668035117597831,0.3781616773644981,1.078787562866638e-06
73,"[ 1  2  3  4  5  6  7  8  9 10 11 12 13 14 15 16 17 18 19 20 21 22 23 24
 48 72 96]","{'learning_rate': 0.012155114926698634, 'n_estimators': 1800, 'num_leaves': 55, 'max_depth': 5, 'min_child_samples': 14, 'subsample': 0.6865376693373673, 'subsample_freq': 6, 'colsample_bytree': 0.660397901552495, 'reg_alpha': 0.02389944090467966, 'reg_lambda': 0.11677209472541775}",240980.95747123184,0.012155114926698634,1800.0,55.0,5.0,14.0,0.6865376693373673,6.0,0.660397901552495,0.02389944090467966,0.11677209472541775
74,"[  1   2   3   4   5   6   7   8   9  10  11  12  13  14  15  16  17  18
  19  20  21  22  23  24 167 168 169]","{'learning_rate': 0.026783320118719627, 'n_estimators': 1600, 'num_leaves': 81, 'max_depth': 6, 'min_child_samples': 88, 'subsample': 0.6313350652405958, 'subsample_freq': 2, 'colsample_bytree': 0.6469239759526311, 'reg_alpha': 0.001258513304755823, 'reg_lambda': 2.3665288725796154}",241378.67515844258,0.026783320118719627,1600.0,81.0,6.0,88.0,0.6313350652405958,2.0,0.6469239759526311,0.001258513304755823,2.3665288725796154
75,"[ 1  2  3  4  5  6  7  8  9 10 11 12 13 14 15 16 17 18 19 20 21 22 23 24
 48 72 96]","{'learning_rate': 0.0159382216136679, 'n_estimators': 2100, 'num_leaves': 35, 'max_depth': 5, 'min_child_samples': 17, 'subsample': 0.6696860101620201, 'subsample_freq': 2, 'colsample_bytree': 0.9192287109250394, 'reg_alpha': 1.1625633701828113e-06, 'reg_lambda': 9.822071631774802e-06}",245058.00464453502,0.0159382216136679,2100.0,35.0,5.0,17.0,0.6696860101620201,2.0,0.9192287109250394,1.1625633701828113e-06,9.822071631774802e-06
76,"[  1   2   3   4   5   6   7   8   9  10  11  12  13  14  15  16  17  18
  19  20  21  22  23  24  47  48  49 167 168 169]","{'learning_rate': 0.017394182081095028, 'n_estimators': 2600, 'num_leaves': 76, 'max_depth': 6, 'min_child_samples': 11, 'subsample': 0.6016245210333147, 'subsample_freq': 2, 'colsample_bytree': 0.7111146091256536, 'reg_alpha': 0.28289635312771666, 'reg_lambda': 3.540728187825422e-05}",246957.74339107715,0.017394182081095028,2600.0,76.0,6.0,11.0,0.6016245210333147,2.0,0.7111146091256536,0.28289635312771666,3.540728187825422e-05
77,"[  1   2   3   4   5   6   7   8   9  10  11  12  13  14  15  16  17  18
  19  20  21  22  23  24  25  26  27  28  29  30  31  32  33  34  35  36
  37  38  39  40  41  42  43  44  45  46  47  48  49  50  51  52  53  54
  55  56  57  58  59  60  61  62  63  64  65  66  67  68  69  70  71  72
  73  74  75  76  77  78  79  80  81  82  83  84  85  86  87  88  89  90
  91  92  93  94  95  96  97  98  99 100 101 102 103 104 105 106 107 108
 109 110 111 112 113 114 115 116 117 118 119 120 121 122 123 124 125 126
 127 128 129 130 131 132 133 134 135 136 137 138 139 140 141 142 143 144
 145 146 147 148 149 150 151 152 153 154 155 156 157 158 159 160 161 162
 163 164 165 166 167 168]","{'learning_rate': 0.015929725662337416, 'n_estimators': 2400, 'num_leaves': 37, 'max_depth': 11, 'min_child_samples': 51, 'subsample': 0.6536032322187473, 'subsample_freq': 2, 'colsample_bytree': 0.7104922998427348, 'reg_alpha': 4.273076663374677e-06, 'reg_lambda': 0.00012982973557567313}",247551.00787731734,0.015929725662337416,2400.0,37.0,11.0,51.0,0.6536032322187473,2.0,0.7104922998427348,4.273076663374677e-06,0.00012982973557567313
78,"[  1   2   3   4   5   6   7   8   9  10  11  12  13  14  15  16  17  18
  19  20  21  22  23  24 168]","{'learning_rate': 0.02571651464359348, 'n_estimators': 2000, 'num_leaves': 68, 'max_depth': 5, 'min_child_samples': 11, 'subsample': 0.6355606270789897, 'subsample_freq': 3, 'colsample_bytree': 0.877621479652113, 'reg_alpha': 0.03609617673906666, 'reg_lambda': 0.06468701711203652}",248408.52680785797,0.02571651464359348,2000.0,68.0,5.0,11.0,0.6355606270789897,3.0,0.877621479652113,0.03609617673906666,0.06468701711203652
79,"[  1   2   3   4   5   6   7   8   9  10  11  12  13  14  15  16  17  18
  19  20  21  22  23  24  47  48  49 167 168 169]","{'learning_rate': 0.013607506430835943, 'n_estimators': 1400, 'num_leaves': 40, 'max_depth': 6, 'min_child_samples': 10, 'subsample': 0.7733813667794697, 'subsample_freq': 0, 'colsample_bytree': 0.7800963884839531, 'reg_alpha': 1.7998981176860793, 'reg_lambda': 3.611010482329526e-05}",248758.7394769484,0.013607506430835943,1400.0,40.0,6.0,10.0,0.7733813667794697,0.0,0.7800963884839531,1.7998981176860793,3.611010482329526e-05
80,"[  1   2   3   4   5   6   7   8   9  10  11  12  13  14  15  16  17  18
  19  20  21  22  23  24  25  26  27  28  29  30  31  32  33  34  35  36
  37  38  39  40  41  42  43  44  45  46  47  48  49  50  51  52  53  54
  55  56  57  58  59  60  61  62  63  64  65  66  67  68  69  70  71  72
  73  74  75  76  77  78  79  80  81  82  83  84  85  86  87  88  89  90
  91  92  93  94  95  96  97  98  99 100 101 102 103 104 105 106 107 108
 109 110 111 112 113 114 115 116 117 118 119 120 121 122 123 124 125 126
 127 128 129 130 131 132 133 134 135 136 137 138 139 140 141 142 143 144
 145 146 147 148 149 150 151 152 153 154 155 156 157 158 159 160 161 162
 163 164 165 166 167 168]","{'learning_rate': 0.08537981856278422, 'n_estimators': 1900, 'num_leaves': 65, 'max_depth': 6, 'min_child_samples': 10, 'subsample': 0.6254065859257237, 'subsample_freq': 5, 'colsample_bytree': 0.9151641413187561, 'reg_alpha': 0.0026603122877157503, 'reg_lambda': 0.02671820144857849}",249337.4451830294,0.08537981856278422,1900.0,65.0,6.0,10.0,0.6254065859257237,5.0,0.9151641413187561,0.0026603122877157503,0.02671820144857849
81,[ 1  2  3  4  5  6  7  8  9 10 11 12 13 14 15 16 17 18 19 20 21 22 23 24],"{'learning_rate': 0.010904043380770738, 'n_estimators': 2900, 'num_leaves': 96, 'max_depth': 4, 'min_child_samples': 20, 'subsample': 0.785474769580527, 'subsample_freq': 2, 'colsample_bytree': 0.6028719883936039, 'reg_alpha': 0.004380915592633801, 'reg_lambda': 0.001513306707608596}",249508.99378748843,0.010904043380770738,2900.0,96.0,4.0,20.0,0.785474769580527,2.0,0.6028719883936039,0.004380915592633801,0.001513306707608596
82,[ 1  2  3  4  5  6  7  8  9 10 11 12 13 14 15 16 17 18 19 20 21 22 23 24],"{'learning_rate': 0.010067356391515694, 'n_estimators': 1600, 'num_leaves': 74, 'max_depth': 7, 'min_child_samples': 15, 'subsample': 0.7181820136838236, 'subsample_freq': 0, 'colsample_bytree': 0.7610668473027778, 'reg_alpha': 0.17132617815868725, 'reg_lambda': 1.3036029843803756e-05}",250074.06468898334,0.010067356391515694,1600.0,74.0,7.0,15.0,0.7181820136838236,0.0,0.7610668473027778,0.17132617815868725,1.3036029843803756e-05
83,"[ 1  2  3  4  5  6  7  8  9 10 11 12 13 14 15 16 17 18 19 20 21 22 23 24
 48 72 96]","{'learning_rate': 0.1053944010280009, 'n_estimators': 1900, 'num_leaves': 72, 'max_depth': 6, 'min_child_samples': 24, 'subsample': 0.7668088844098806, 'subsample_freq': 7, 'colsample_bytree': 0.95018273671807, 'reg_alpha': 0.00039246509474593846, 'reg_lambda': 0.010563894289267427}",250096.72056238574,0.1053944010280009,1900.0,72.0,6.0,24.0,0.7668088844098806,7.0,0.95018273671807,0.00039246509474593846,0.010563894289267427
84,[ 1  2  3  4  5  6  7  8  9 10 11 12 13 14 15 16 17 18 19 20 21 22 23 24],"{'learning_rate': 0.11152592456562507, 'n_estimators': 1100, 'num_leaves': 18, 'max_depth': 6, 'min_child_samples': 32, 'subsample': 0.8819835321805449, 'subsample_freq': 10, 'colsample_bytree': 0.7423659462869838, 'reg_alpha': 0.07293404893011407, 'reg_lambda': 0.002180681549420244}",250164.11972230734,0.11152592456562507,1100.0,18.0,6.0,32.0,0.8819835321805449,10.0,0.7423659462869838,0.07293404893011407,0.002180681549420244
85,"[  1   2   3   4   5   6   7   8   9  10  11  12  13  14  15  16  17  18
  19  20  21  22  23  24 168]","{'learning_rate': 0.0051392095909358225, 'n_estimators': 2600, 'num_leaves': 226, 'max_depth': 10, 'min_child_samples': 21, 'subsample': 0.8178707532461655, 'subsample_freq': 5, 'colsample_bytree': 0.6075136120533404, 'reg_alpha': 0.02799458370259703, 'reg_lambda': 9.047368159120854}",251515.65166955793,0.0051392095909358225,2600.0,226.0,10.0,21.0,0.8178707532461655,5.0,0.6075136120533404,0.02799458370259703,9.047368159120854
86,"[  1   2   3   4   5   6   7   8   9  10  11  12  13  14  15  16  17  18
  19  20  21  22  23  24 167 168 169]","{'learning_rate': 0.06527628377763685, 'n_estimators': 900, 'num_leaves': 29, 'max_depth': 8, 'min_child_samples': 85, 'subsample': 0.7692425840497844, 'subsample_freq': 10, 'colsample_bytree': 0.8739318954339453, 'reg_alpha': 0.00021300368327705253, 'reg_lambda': 3.381097259762742e-05}",254331.0757352935,0.06527628377763685,900.0,29.0,8.0,85.0,0.7692425840497844,10.0,0.8739318954339453,0.00021300368327705253,3.381097259762742e-05
87,"[  1   2   3   4   5   6   7   8   9  10  11  12  13  14  15  16  17  18
  19  20  21  22  23  24  25  26  27  28  29  30  31  32  33  34  35  36
  37  38  39  40  41  42  43  44  45  46  47  48  49  50  51  52  53  54
  55  56  57  58  59  60  61  62  63  64  65  66  67  68  69  70  71  72
  73  74  75  76  77  78  79  80  81  82  83  84  85  86  87  88  89  90
  91  92  93  94  95  96  97  98  99 100 101 102 103 104 105 106 107 108
 109 110 111 112 113 114 115 116 117 118 119 120 121 122 123 124 125 126
 127 128 129 130 131 132 133 134 135 136 137 138 139 140 141 142 143 144
 145 146 147 148 149 150 151 152 153 154 155 156 157 158 159 160 161 162
 163 164 165 166 167 168]","{'learning_rate': 0.025894893317368762, 'n_estimators': 2800, 'num_leaves': 161, 'max_depth': 4, 'min_child_samples': 13, 'subsample': 0.6479909439865499, 'subsample_freq': 0, 'colsample_bytree': 0.7318281936321974, 'reg_alpha': 1.4724583275802037, 'reg_lambda': 0.000665647537211985}",256154.71173300015,0.025894893317368762,2800.0,161.0,4.0,13.0,0.6479909439865499,0.0,0.7318281936321974,1.4724583275802037,0.000665647537211985
88,"[ 1  2  3  4  5  6  7  8  9 10 11 12 13 14 15 16 17 18 19 20 21 22 23 24
 48 72 96]","{'learning_rate': 0.0642048263897828, 'n_estimators': 300, 'num_leaves': 97, 'max_depth': 6, 'min_child_samples': 16, 'subsample': 0.7099919804894711, 'subsample_freq': 4, 'colsample_bytree': 0.6463816555996559, 'reg_alpha': 0.0006373767271527313, 'reg_lambda': 8.143890845792303e-06}",257757.65168480034,0.0642048263897828,300.0,97.0,6.0,16.0,0.7099919804894711,4.0,0.6463816555996559,0.0006373767271527313,8.143890845792303e-06
89,"[  1   2   3   4   5   6   7   8   9  10  11  12  13  14  15  16  17  18
  19  20  21  22  23  24 167 168 169]","{'learning_rate': 0.1915837448967202, 'n_estimators': 2800, 'num_leaves': 28, 'max_depth': 5, 'min_child_samples': 46, 'subsample': 0.9607645490642682, 'subsample_freq': 10, 'colsample_bytree': 0.7030168256616333, 'reg_alpha': 0.0012001385506987031, 'reg_lambda': 0.18311256966323897}",258152.94230949422,0.1915837448967202,2800.0,28.0,5.0,46.0,0.9607645490642682,10.0,0.7030168256616333,0.0012001385506987031,0.18311256966323897
90,"[  1   2   3   4   5   6   7   8   9  10  11  12  13  14  15  16  17  18
  19  20  21  22  23  24  47  48  49 167 168 169]","{'learning_rate': 0.010235918961220601, 'n_estimators': 1800, 'num_leaves': 20, 'max_depth': 11, 'min_child_samples': 64, 'subsample': 0.8893665432759819, 'subsample_freq': 0, 'colsample_bytree': 0.837772751778017, 'reg_alpha': 0.001025809534977321, 'reg_lambda': 2.695484242298233e-07}",262449.7620305362,0.010235918961220601,1800.0,20.0,11.0,64.0,0.8893665432759819,0.0,0.837772751778017,0.001025809534977321,2.695484242298233e-07
91,"[ 1  2  3  4  5  6  7  8  9 10 11 12 13 14 15 16 17 18 19 20 21 22 23 24
 25 26 27 28 29 30 31 32 33 34 35 36 37 38 39 40 41 42 43 44 45 46 47 48
 49 50 51 52 53 54 55 56 57 58 59 60 61 62 63 64 65 66 67 68 69 70 71 72]","{'learning_rate': 0.008391969438101263, 'n_estimators': 2200, 'num_leaves': 25, 'max_depth': 8, 'min_child_samples': 17, 'subsample': 0.9277827161095085, 'subsample_freq': 1, 'colsample_bytree': 0.797766912160451, 'reg_alpha': 0.008421800987318819, 'reg_lambda': 0.03081444218251499}",267695.66417307523,0.008391969438101263,2200.0,25.0,8.0,17.0,0.9277827161095085,1.0,0.797766912160451,0.008421800987318819,0.03081444218251499
92,"[  1   2   3   4   5   6   7   8   9  10  11  12  13  14  15  16  17  18
  19  20  21  22  23  24  47  48  49 167 168 169]","{'learning_rate': 0.057010965316606974, 'n_estimators': 1200, 'num_leaves': 116, 'max_depth': 12, 'min_child_samples': 22, 'subsample': 0.6079842003260146, 'subsample_freq': 0, 'colsample_bytree': 0.6853710823557485, 'reg_alpha': 3.4471019610333515, 'reg_lambda': 1.6787066600819093e-06}",268253.7945956881,0.057010965316606974,1200.0,116.0,12.0,22.0,0.6079842003260146,0.0,0.6853710823557485,3.4471019610333515,1.6787066600819093e-06
93,[ 1  2  3  4  5  6  7  8  9 10 11 12 13 14 15 16 17 18 19 20 21 22 23 24],"{'learning_rate': 0.027325830280796815, 'n_estimators': 2100, 'num_leaves': 98, 'max_depth': 3, 'min_child_samples': 22, 'subsample': 0.7599935741464668, 'subsample_freq': 1, 'colsample_bytree': 0.6009296094135166, 'reg_alpha': 0.01727173242494956, 'reg_lambda': 1.8007614721548562e-05}",268948.09271117864,0.027325830280796815,2100.0,98.0,3.0,22.0,0.7599935741464668,1.0,0.6009296094135166,0.01727173242494956,1.8007614721548562e-05
94,"[ 1  2  3  4  5  6  7  8  9 10 11 12 13 14 15 16 17 18 19 20 21 22 23 24
 25 26 27 28 29 30 31 32 33 34 35 36 37 38 39 40 41 42 43 44 45 46 47 48
 49 50 51 52 53 54 55 56 57 58 59 60 61 62 63 64 65 66 67 68 69 70 71 72]","{'learning_rate': 0.16829463146251558, 'n_estimators': 1900, 'num_leaves': 55, 'max_depth': 7, 'min_child_samples': 18, 'subsample': 0.7303682963748909, 'subsample_freq': 0, 'colsample_bytree': 0.6536822079665919, 'reg_alpha': 0.7882038132595818, 'reg_lambda': 0.002628022079356895}",270491.7445425517,0.16829463146251558,1900.0,55.0,7.0,18.0,0.7303682963748909,0.0,0.6536822079665919,0.7882038132595818,0.002628022079356895
95,"[  1   2   3   4   5   6   7   8   9  10  11  12  13  14  15  16  17  18
  19  20  21  22  23  24  25  26  27  28  29  30  31  32  33  34  35  36
  37  38  39  40  41  42  43  44  45  46  47  48  49  50  51  52  53  54
  55  56  57  58  59  60  61  62  63  64  65  66  67  68  69  70  71  72
  73  74  75  76  77  78  79  80  81  82  83  84  85  86  87  88  89  90
  91  92  93  94  95  96  97  98  99 100 101 102 103 104 105 106 107 108
 109 110 111 112 113 114 115 116 117 118 119 120 121 122 123 124 125 126
 127 128 129 130 131 132 133 134 135 136 137 138 139 140 141 142 143 144
 145 146 147 148 149 150 151 152 153 154 155 156 157 158 159 160 161 162
 163 164 165 166 167 168]","{'learning_rate': 0.009551118717969596, 'n_estimators': 1600, 'num_leaves': 69, 'max_depth': 9, 'min_child_samples': 127, 'subsample': 0.8897821299442541, 'subsample_freq': 6, 'colsample_bytree': 0.8889773530280887, 'reg_alpha': 8.06548011265573e-06, 'reg_lambda': 1.8034242309821785e-05}",278657.04851418606,0.009551118717969596,1600.0,69.0,9.0,127.0,0.8897821299442541,6.0,0.8889773530280887,8.06548011265573e-06,1.8034242309821785e-05
96,"[ 1  2  3  4  5  6  7  8  9 10 11 12 13 14 15 16 17 18 19 20 21 22 23 24
 48 72 96]","{'learning_rate': 0.022189187086139917, 'n_estimators': 600, 'num_leaves': 100, 'max_depth': 3, 'min_child_samples': 13, 'subsample': 0.6822355556037802, 'subsample_freq': 7, 'colsample_bytree': 0.6437236809260695, 'reg_alpha': 3.451949129176645e-07, 'reg_lambda': 7.881452216973563e-08}",299937.03513705946,0.022189187086139917,600.0,100.0,3.0,13.0,0.6822355556037802,7.0,0.6437236809260695,3.451949129176645e-07,7.881452216973563e-08
97,"[ 1  2  3  4  5  6  7  8  9 10 11 12 13 14 15 16 17 18 19 20 21 22 23 24
 48 72 96]","{'learning_rate': 0.03754080483920027, 'n_estimators': 100, 'num_leaves': 166, 'max_depth': 12, 'min_child_samples': 193, 'subsample': 0.6025813496879318, 'subsample_freq': 3, 'colsample_bytree': 0.6511462598983739, 'reg_alpha': 2.1401520656303066e-08, 'reg_lambda': 9.2871457633569}",332950.0939674684,0.03754080483920027,100.0,166.0,12.0,193.0,0.6025813496879318,3.0,0.6511462598983739,2.1401520656303066e-08,9.2871457633569
98,"[ 1  2  3  4  5  6  7  8  9 10 11 12 13 14 15 16 17 18 19 20 21 22 23 24
 48 72 96]","{'learning_rate': 0.04790682521917853, 'n_estimators': 100, 'num_leaves': 80, 'max_depth': 7, 'min_child_samples': 16, 'subsample': 0.6593421868505261, 'subsample_freq': 1, 'colsample_bytree': 0.9820752878534535, 'reg_alpha': 1.4232262442692367e-07, 'reg_lambda': 0.7139622393672183}",361551.9745358556,0.04790682521917853,100.0,80.0,7.0,16.0,0.6593421868505261,1.0,0.9820752878534535,1.4232262442692367e-07,0.7139622393672183
99,"[ 1  2  3  4  5  6  7  8  9 10 11 12 13 14 15 16 17 18 19 20 21 22 23 24
 25 26 27 28 29 30 31 32 33 34 35 36 37 38 39 40 41 42 43 44 45 46 47 48
 49 50 51 52 53 54 55 56 57 58 59 60 61 62 63 64 65 66 67 68 69 70 71 72]","{'learning_rate': 0.007389954270942709, 'n_estimators': 400, 'num_leaves': 38, 'max_depth': 9, 'min_child_samples': 126, 'subsample': 0.8213029379186854, 'subsample_freq': 9, 'colsample_bytree': 0.7539351245103044, 'reg_alpha': 7.09726586129983e-06, 'reg_lambda': 1.543057395363807e-05}",623701.4773254532,0.007389954270942709,400.0,38.0,9.0,126.0,0.8213029379186854,9.0,0.7539351245103044,7.09726586129983e-06,1.543057395363807e-05
