,lags,params,mean_squared_error,learning_rate,n_estimators,max_depth,min_child_weight,subsample,colsample_bytree,gamma,reg_alpha,reg_lambda
0,"[ 1  2  3  4  5  6  7  8  9 10 11 12 13 14 15 16 17 18 19 20 21 22 23 24
 48 72 96]","{'learning_rate': 0.021341636256815177, 'n_estimators': 2800, 'max_depth': 6, 'min_child_weight': 27.17253514256752, 'subsample': 0.7705542895339189, 'colsample_bytree': 0.6248703889855749, 'gamma': 8.963503044131967, 'reg_alpha': 1.4914052112391515e-06, 'reg_lambda': 2.4618334029365024e-08}",210196.3840751384,0.021341636256815177,2800.0,6.0,27.17253514256752,0.7705542895339189,0.6248703889855749,8.963503044131967,1.4914052112391515e-06,2.4618334029365024e-08
1,"[ 1  2  3  4  5  6  7  8  9 10 11 12 13 14 15 16 17 18 19 20 21 22 23 24
 48 72 96]","{'learning_rate': 0.03475115134085356, 'n_estimators': 2600, 'max_depth': 6, 'min_child_weight': 29.32726524797975, 'subsample': 0.7635919570636417, 'colsample_bytree': 0.6276475032221174, 'gamma': 9.349167262293717, 'reg_alpha': 7.03305286790929e-08, 'reg_lambda': 0.0006401259944284026}",213704.77453873548,0.03475115134085356,2600.0,6.0,29.32726524797975,0.7635919570636417,0.6276475032221174,9.349167262293717,7.03305286790929e-08,0.0006401259944284026
2,"[ 1  2  3  4  5  6  7  8  9 10 11 12 13 14 15 16 17 18 19 20 21 22 23 24
 48 72 96]","{'learning_rate': 0.03146078787258458, 'n_estimators': 3000, 'max_depth': 7, 'min_child_weight': 31.142740980476212, 'subsample': 0.6873725975149321, 'colsample_bytree': 0.6548489301630166, 'gamma': 9.96403852722572, 'reg_alpha': 3.142999429426489, 'reg_lambda': 0.021077720276683486}",214637.4435390638,0.03146078787258458,3000.0,7.0,31.142740980476212,0.6873725975149321,0.6548489301630166,9.96403852722572,3.142999429426489,0.021077720276683486
3,"[ 1  2  3  4  5  6  7  8  9 10 11 12 13 14 15 16 17 18 19 20 21 22 23 24
 48 72 96]","{'learning_rate': 0.03144142949528588, 'n_estimators': 2400, 'max_depth': 7, 'min_child_weight': 30.017264390504696, 'subsample': 0.6749979685809423, 'colsample_bytree': 0.6538356592295136, 'gamma': 9.82848404253218, 'reg_alpha': 3.1406860708015344e-07, 'reg_lambda': 0.021901799081106905}",214846.02557873863,0.03144142949528588,2400.0,7.0,30.017264390504696,0.6749979685809423,0.6538356592295136,9.82848404253218,3.1406860708015344e-07,0.021901799081106905
4,"[ 1  2  3  4  5  6  7  8  9 10 11 12 13 14 15 16 17 18 19 20 21 22 23 24
 48 72 96]","{'learning_rate': 0.03547932985975433, 'n_estimators': 2600, 'max_depth': 7, 'min_child_weight': 32.11408689172939, 'subsample': 0.6651408002369542, 'colsample_bytree': 0.626183411683682, 'gamma': 9.717549725385807, 'reg_alpha': 2.7703097707075476e-07, 'reg_lambda': 0.0006259698585140055}",215314.4070795354,0.03547932985975433,2600.0,7.0,32.11408689172939,0.6651408002369542,0.626183411683682,9.717549725385807,2.7703097707075476e-07,0.0006259698585140055
5,"[ 1  2  3  4  5  6  7  8  9 10 11 12 13 14 15 16 17 18 19 20 21 22 23 24
 48 72 96]","{'learning_rate': 0.028217849850773503, 'n_estimators': 2200, 'max_depth': 6, 'min_child_weight': 7.728774403149428, 'subsample': 0.7943230174498046, 'colsample_bytree': 0.6007723760015877, 'gamma': 0.40755824987361144, 'reg_alpha': 2.94967407533835e-07, 'reg_lambda': 0.00027440644368056396}",216948.4783294351,0.028217849850773503,2200.0,6.0,7.728774403149428,0.7943230174498046,0.6007723760015877,0.40755824987361144,2.94967407533835e-07,0.00027440644368056396
6,"[ 1  2  3  4  5  6  7  8  9 10 11 12 13 14 15 16 17 18 19 20 21 22 23 24
 48 72 96]","{'learning_rate': 0.03466424008917558, 'n_estimators': 2600, 'max_depth': 7, 'min_child_weight': 16.457429546198966, 'subsample': 0.7014764281297636, 'colsample_bytree': 0.6261481284247864, 'gamma': 9.76181884376195, 'reg_alpha': 2.78297459282971e-07, 'reg_lambda': 0.0006451990177883441}",217145.26573602256,0.03466424008917558,2600.0,7.0,16.457429546198966,0.7014764281297636,0.6261481284247864,9.76181884376195,2.78297459282971e-07,0.0006451990177883441
7,"[ 1  2  3  4  5  6  7  8  9 10 11 12 13 14 15 16 17 18 19 20 21 22 23 24
 48 72 96]","{'learning_rate': 0.02107015572031289, 'n_estimators': 1600, 'max_depth': 6, 'min_child_weight': 4.006651312949589, 'subsample': 0.778672716118572, 'colsample_bytree': 0.6110143187560299, 'gamma': 9.365360488292687, 'reg_alpha': 1.0656835867198213e-07, 'reg_lambda': 0.00041606319926746504}",217650.51569995523,0.02107015572031289,1600.0,6.0,4.006651312949589,0.778672716118572,0.6110143187560299,9.365360488292687,1.0656835867198213e-07,0.00041606319926746504
8,"[ 1  2  3  4  5  6  7  8  9 10 11 12 13 14 15 16 17 18 19 20 21 22 23 24
 48 72 96]","{'learning_rate': 0.03144122192539441, 'n_estimators': 2600, 'max_depth': 6, 'min_child_weight': 7.377594764081542, 'subsample': 0.7282450309647389, 'colsample_bytree': 0.6563517446580953, 'gamma': 9.79113733911509, 'reg_alpha': 1.8452374683334955e-08, 'reg_lambda': 0.0009701420178786611}",218938.13232596594,0.03144122192539441,2600.0,6.0,7.377594764081542,0.7282450309647389,0.6563517446580953,9.79113733911509,1.8452374683334955e-08,0.0009701420178786611
9,"[ 1  2  3  4  5  6  7  8  9 10 11 12 13 14 15 16 17 18 19 20 21 22 23 24
 48 72 96]","{'learning_rate': 0.02177073374634131, 'n_estimators': 2500, 'max_depth': 5, 'min_child_weight': 0.5204978237958072, 'subsample': 0.9156044498448774, 'colsample_bytree': 0.6265616506527686, 'gamma': 9.42016548861503, 'reg_alpha': 9.669244052733274e-05, 'reg_lambda': 2.8453139231184663e-06}",219109.10893957125,0.02177073374634131,2500.0,5.0,0.5204978237958072,0.9156044498448774,0.6265616506527686,9.42016548861503,9.669244052733274e-05,2.8453139231184663e-06
10,"[ 1  2  3  4  5  6  7  8  9 10 11 12 13 14 15 16 17 18 19 20 21 22 23 24
 48 72 96]","{'learning_rate': 0.02001921015460712, 'n_estimators': 2200, 'max_depth': 6, 'min_child_weight': 1.5451267012183723, 'subsample': 0.785465042184486, 'colsample_bytree': 0.6148322300404043, 'gamma': 8.895542494473608, 'reg_alpha': 1.6123968288700462e-08, 'reg_lambda': 0.0033833368282258835}",219167.42903023784,0.02001921015460712,2200.0,6.0,1.5451267012183723,0.785465042184486,0.6148322300404043,8.895542494473608,1.6123968288700462e-08,0.0033833368282258835
11,"[ 1  2  3  4  5  6  7  8  9 10 11 12 13 14 15 16 17 18 19 20 21 22 23 24
 48 72 96]","{'learning_rate': 0.010846613750745155, 'n_estimators': 2400, 'max_depth': 6, 'min_child_weight': 0.09027586908928106, 'subsample': 0.9637627786961359, 'colsample_bytree': 0.6187435107523325, 'gamma': 8.665226132127835, 'reg_alpha': 6.192771235153516e-05, 'reg_lambda': 0.0012320152247165361}",219577.74179339176,0.010846613750745155,2400.0,6.0,0.09027586908928106,0.9637627786961359,0.6187435107523325,8.665226132127835,6.192771235153516e-05,0.0012320152247165361
12,"[ 1  2  3  4  5  6  7  8  9 10 11 12 13 14 15 16 17 18 19 20 21 22 23 24
 48 72 96]","{'learning_rate': 0.01587182334499074, 'n_estimators': 1600, 'max_depth': 6, 'min_child_weight': 3.3460391871895694, 'subsample': 0.797661208567925, 'colsample_bytree': 0.611346213905563, 'gamma': 7.844030779822748, 'reg_alpha': 1.2392973091948658e-07, 'reg_lambda': 0.0032623416766276968}",219895.14192804362,0.01587182334499074,1600.0,6.0,3.3460391871895694,0.797661208567925,0.611346213905563,7.844030779822748,1.2392973091948658e-07,0.0032623416766276968
13,"[ 1  2  3  4  5  6  7  8  9 10 11 12 13 14 15 16 17 18 19 20 21 22 23 24
 48 72 96]","{'learning_rate': 0.027737859571040413, 'n_estimators': 2200, 'max_depth': 5, 'min_child_weight': 3.8225587623289723, 'subsample': 0.7844884550978523, 'colsample_bytree': 0.6367145981886797, 'gamma': 8.373942696214813, 'reg_alpha': 5.803069274511872e-08, 'reg_lambda': 7.475857376073371e-05}",221732.96546151277,0.027737859571040413,2200.0,5.0,3.8225587623289723,0.7844884550978523,0.6367145981886797,8.373942696214813,5.803069274511872e-08,7.475857376073371e-05
14,"[ 1  2  3  4  5  6  7  8  9 10 11 12 13 14 15 16 17 18 19 20 21 22 23 24
 48 72 96]","{'learning_rate': 0.024979600397629288, 'n_estimators': 2800, 'max_depth': 4, 'min_child_weight': 0.08158153186081876, 'subsample': 0.9243778017210864, 'colsample_bytree': 0.617377413921197, 'gamma': 9.562803000810785, 'reg_alpha': 0.0007893924999167056, 'reg_lambda': 0.0002449248833438561}",222086.51364970364,0.024979600397629288,2800.0,4.0,0.08158153186081876,0.9243778017210864,0.617377413921197,9.562803000810785,0.0007893924999167056,0.0002449248833438561
15,"[ 1  2  3  4  5  6  7  8  9 10 11 12 13 14 15 16 17 18 19 20 21 22 23 24
 48 72 96]","{'learning_rate': 0.021147851192467083, 'n_estimators': 1700, 'max_depth': 6, 'min_child_weight': 4.602091530879778, 'subsample': 0.8125375245101205, 'colsample_bytree': 0.6192917022517973, 'gamma': 8.676050687376668, 'reg_alpha': 2.873758875347759e-06, 'reg_lambda': 1.7130983760561267e-08}",222273.9828646182,0.021147851192467083,1700.0,6.0,4.602091530879778,0.8125375245101205,0.6192917022517973,8.676050687376668,2.873758875347759e-06,1.7130983760561267e-08
16,"[ 1  2  3  4  5  6  7  8  9 10 11 12 13 14 15 16 17 18 19 20 21 22 23 24
 48 72 96]","{'learning_rate': 0.00804798390520773, 'n_estimators': 3200, 'max_depth': 6, 'min_child_weight': 0.12512360657837543, 'subsample': 0.9545146507783838, 'colsample_bytree': 0.6491966739752789, 'gamma': 8.556079733075864, 'reg_alpha': 4.985628594637135e-06, 'reg_lambda': 1.299126622544882e-07}",223207.9546069729,0.00804798390520773,3200.0,6.0,0.12512360657837543,0.9545146507783838,0.6491966739752789,8.556079733075864,4.985628594637135e-06,1.299126622544882e-07
17,"[ 1  2  3  4  5  6  7  8  9 10 11 12 13 14 15 16 17 18 19 20 21 22 23 24
 48 72 96]","{'learning_rate': 0.02494862406859171, 'n_estimators': 2300, 'max_depth': 5, 'min_child_weight': 7.876616378344697, 'subsample': 0.8082638919344188, 'colsample_bytree': 0.635589484727741, 'gamma': 8.479451053055465, 'reg_alpha': 3.87443645943198e-07, 'reg_lambda': 7.893109806452129e-05}",224695.25909504484,0.02494862406859171,2300.0,5.0,7.876616378344697,0.8082638919344188,0.635589484727741,8.479451053055465,3.87443645943198e-07,7.893109806452129e-05
18,"[ 1  2  3  4  5  6  7  8  9 10 11 12 13 14 15 16 17 18 19 20 21 22 23 24
 25 26 27 28 29 30 31 32 33 34 35 36 37 38 39 40 41 42 43 44 45 46 47 48
 49 50 51 52 53 54 55 56 57 58 59 60 61 62 63 64 65 66 67 68 69 70 71 72]","{'learning_rate': 0.042266435532904566, 'n_estimators': 3000, 'max_depth': 6, 'min_child_weight': 11.327018087347888, 'subsample': 0.749445930821286, 'colsample_bytree': 0.6005184064472626, 'gamma': 5.104368005438481, 'reg_alpha': 1.768253387444051e-05, 'reg_lambda': 1.9973062862743807e-07}",224705.74600765135,0.042266435532904566,3000.0,6.0,11.327018087347888,0.749445930821286,0.6005184064472626,5.104368005438481,1.768253387444051e-05,1.9973062862743807e-07
19,"[  1   2   3   4   5   6   7   8   9  10  11  12  13  14  15  16  17  18
  19  20  21  22  23  24  47  48  49 167 168 169]","{'learning_rate': 0.03555534584294488, 'n_estimators': 2700, 'max_depth': 6, 'min_child_weight': 27.43413811341278, 'subsample': 0.826293145657464, 'colsample_bytree': 0.6121844230531327, 'gamma': 9.631693889777326, 'reg_alpha': 7.557833656833058e-06, 'reg_lambda': 4.544033006871924e-07}",224921.26217395623,0.03555534584294488,2700.0,6.0,27.43413811341278,0.826293145657464,0.6121844230531327,9.631693889777326,7.557833656833058e-06,4.544033006871924e-07
20,"[ 1  2  3  4  5  6  7  8  9 10 11 12 13 14 15 16 17 18 19 20 21 22 23 24
 48 72 96]","{'learning_rate': 0.018425451129496936, 'n_estimators': 2200, 'max_depth': 6, 'min_child_weight': 0.9574925370858082, 'subsample': 0.8195610068057251, 'colsample_bytree': 0.6225223760057598, 'gamma': 8.85088900955644, 'reg_alpha': 1.4084059766703752e-08, 'reg_lambda': 1.8628892067118493e-05}",225071.0489544208,0.018425451129496936,2200.0,6.0,0.9574925370858082,0.8195610068057251,0.6225223760057598,8.85088900955644,1.4084059766703752e-08,1.8628892067118493e-05
21,"[ 1  2  3  4  5  6  7  8  9 10 11 12 13 14 15 16 17 18 19 20 21 22 23 24
 48 72 96]","{'learning_rate': 0.03316330457881582, 'n_estimators': 2700, 'max_depth': 5, 'min_child_weight': 20.988008837149902, 'subsample': 0.9150791550627749, 'colsample_bytree': 0.6324106287820808, 'gamma': 9.56493599767411, 'reg_alpha': 2.0641357884183715e-05, 'reg_lambda': 2.7810706015655448e-06}",225103.49506984165,0.03316330457881582,2700.0,5.0,20.988008837149902,0.9150791550627749,0.6324106287820808,9.56493599767411,2.0641357884183715e-05,2.7810706015655448e-06
22,"[ 1  2  3  4  5  6  7  8  9 10 11 12 13 14 15 16 17 18 19 20 21 22 23 24
 48 72 96]","{'learning_rate': 0.03573672491104971, 'n_estimators': 3000, 'max_depth': 7, 'min_child_weight': 35.6103347981799, 'subsample': 0.6420568604887608, 'colsample_bytree': 0.6890753251614996, 'gamma': 9.99562291472133, 'reg_alpha': 0.369423734723635, 'reg_lambda': 0.08216978405770509}",225440.44570896094,0.03573672491104971,3000.0,7.0,35.6103347981799,0.6420568604887608,0.6890753251614996,9.99562291472133,0.369423734723635,0.08216978405770509
23,"[ 1  2  3  4  5  6  7  8  9 10 11 12 13 14 15 16 17 18 19 20 21 22 23 24
 48 72 96]","{'learning_rate': 0.03763543618736134, 'n_estimators': 2600, 'max_depth': 7, 'min_child_weight': 16.931313587175328, 'subsample': 0.7032690085347106, 'colsample_bytree': 0.6430155763016366, 'gamma': 9.466454101737606, 'reg_alpha': 1.2038702872430753e-06, 'reg_lambda': 0.0008711917513278943}",226425.54740557173,0.03763543618736134,2600.0,7.0,16.931313587175328,0.7032690085347106,0.6430155763016366,9.466454101737606,1.2038702872430753e-06,0.0008711917513278943
24,"[ 1  2  3  4  5  6  7  8  9 10 11 12 13 14 15 16 17 18 19 20 21 22 23 24
 48 72 96]","{'learning_rate': 0.016690289040315352, 'n_estimators': 3300, 'max_depth': 4, 'min_child_weight': 0.01572090162293662, 'subsample': 0.8556284143244589, 'colsample_bytree': 0.6015341046110267, 'gamma': 9.445454305930854, 'reg_alpha': 0.00018948635225821367, 'reg_lambda': 0.00011306813410727838}",227386.7626697034,0.016690289040315352,3300.0,4.0,0.01572090162293662,0.8556284143244589,0.6015341046110267,9.445454305930854,0.00018948635225821367,0.00011306813410727838
25,"[  1   2   3   4   5   6   7   8   9  10  11  12  13  14  15  16  17  18
  19  20  21  22  23  24 168]","{'learning_rate': 0.031191250089930712, 'n_estimators': 2200, 'max_depth': 6, 'min_child_weight': 8.446074197560339, 'subsample': 0.7272309956941961, 'colsample_bytree': 0.6530613302477608, 'gamma': 8.96149416783909, 'reg_alpha': 1.0484212286602581e-07, 'reg_lambda': 0.00736634249889649}",227817.61742653965,0.031191250089930712,2200.0,6.0,8.446074197560339,0.7272309956941961,0.6530613302477608,8.96149416783909,1.0484212286602581e-07,0.00736634249889649
26,"[ 1  2  3  4  5  6  7  8  9 10 11 12 13 14 15 16 17 18 19 20 21 22 23 24
 48 72 96]","{'learning_rate': 0.033721056923866406, 'n_estimators': 2800, 'max_depth': 7, 'min_child_weight': 36.043765130911154, 'subsample': 0.6641905790651125, 'colsample_bytree': 0.6236036567310559, 'gamma': 9.736145285660488, 'reg_alpha': 7.093494489376782e-08, 'reg_lambda': 0.00144867644825764}",228142.94426069316,0.033721056923866406,2800.0,7.0,36.043765130911154,0.6641905790651125,0.6236036567310559,9.736145285660488,7.093494489376782e-08,0.00144867644825764
27,"[  1   2   3   4   5   6   7   8   9  10  11  12  13  14  15  16  17  18
  19  20  21  22  23  24  47  48  49 167 168 169]","{'learning_rate': 0.0468286095580784, 'n_estimators': 4400, 'max_depth': 6, 'min_child_weight': 22.35642012444282, 'subsample': 0.707231435975217, 'colsample_bytree': 0.7189305281650651, 'gamma': 7.636690374558404, 'reg_alpha': 1.2002125813202117e-05, 'reg_lambda': 1.0770240457212469e-08}",228173.43172276815,0.0468286095580784,4400.0,6.0,22.35642012444282,0.707231435975217,0.7189305281650651,7.636690374558404,1.2002125813202117e-05,1.0770240457212469e-08
28,"[  1   2   3   4   5   6   7   8   9  10  11  12  13  14  15  16  17  18
  19  20  21  22  23  24  25  26  27  28  29  30  31  32  33  34  35  36
  37  38  39  40  41  42  43  44  45  46  47  48  49  50  51  52  53  54
  55  56  57  58  59  60  61  62  63  64  65  66  67  68  69  70  71  72
  73  74  75  76  77  78  79  80  81  82  83  84  85  86  87  88  89  90
  91  92  93  94  95  96  97  98  99 100 101 102 103 104 105 106 107 108
 109 110 111 112 113 114 115 116 117 118 119 120 121 122 123 124 125 126
 127 128 129 130 131 132 133 134 135 136 137 138 139 140 141 142 143 144
 145 146 147 148 149 150 151 152 153 154 155 156 157 158 159 160 161 162
 163 164 165 166 167 168]","{'learning_rate': 0.03898816479044812, 'n_estimators': 3700, 'max_depth': 7, 'min_child_weight': 44.530710545876374, 'subsample': 0.7757510705669015, 'colsample_bytree': 0.6571938405330497, 'gamma': 3.3661806900265896, 'reg_alpha': 8.778490106048049e-07, 'reg_lambda': 2.871847375476838e-07}",228311.5424987857,0.03898816479044812,3700.0,7.0,44.530710545876374,0.7757510705669015,0.6571938405330497,3.3661806900265896,8.778490106048049e-07,2.871847375476838e-07
29,"[ 1  2  3  4  5  6  7  8  9 10 11 12 13 14 15 16 17 18 19 20 21 22 23 24
 48 72 96]","{'learning_rate': 0.015682376748392866, 'n_estimators': 2900, 'max_depth': 7, 'min_child_weight': 0.09374839676110697, 'subsample': 0.9227355084420181, 'colsample_bytree': 0.6855412323408105, 'gamma': 6.847972568914976, 'reg_alpha': 3.1840793380621654e-06, 'reg_lambda': 0.2244521962229053}",228631.67549436065,0.015682376748392866,2900.0,7.0,0.09374839676110697,0.9227355084420181,0.6855412323408105,6.847972568914976,3.1840793380621654e-06,0.2244521962229053
30,"[ 1  2  3  4  5  6  7  8  9 10 11 12 13 14 15 16 17 18 19 20 21 22 23 24
 48 72 96]","{'learning_rate': 0.013089645128365147, 'n_estimators': 1500, 'max_depth': 6, 'min_child_weight': 10.647981046628669, 'subsample': 0.8610853131941515, 'colsample_bytree': 0.6024980665246326, 'gamma': 8.808505179556457, 'reg_alpha': 0.0006561909714364128, 'reg_lambda': 1.0219277467587923e-08}",228641.88175743882,0.013089645128365147,1500.0,6.0,10.647981046628669,0.8610853131941515,0.6024980665246326,8.808505179556457,0.0006561909714364128,1.0219277467587923e-08
31,"[ 1  2  3  4  5  6  7  8  9 10 11 12 13 14 15 16 17 18 19 20 21 22 23 24
 48 72 96]","{'learning_rate': 0.013105673254218207, 'n_estimators': 1800, 'max_depth': 6, 'min_child_weight': 0.13097427254121186, 'subsample': 0.7401634932756651, 'colsample_bytree': 0.6955987044332668, 'gamma': 7.832410276777758, 'reg_alpha': 4.153330167750694e-06, 'reg_lambda': 8.334105380660743e-08}",228956.36130966924,0.013105673254218207,1800.0,6.0,0.13097427254121186,0.7401634932756651,0.6955987044332668,7.832410276777758,4.153330167750694e-06,8.334105380660743e-08
32,"[ 1  2  3  4  5  6  7  8  9 10 11 12 13 14 15 16 17 18 19 20 21 22 23 24
 48 72 96]","{'learning_rate': 0.02742803608173199, 'n_estimators': 2100, 'max_depth': 5, 'min_child_weight': 3.6460460308690594, 'subsample': 0.7875848556180673, 'colsample_bytree': 0.7200105619697628, 'gamma': 0.764207024377676, 'reg_alpha': 3.215559342406881e-08, 'reg_lambda': 0.00025584063538129404}",229011.79827565816,0.02742803608173199,2100.0,5.0,3.6460460308690594,0.7875848556180673,0.7200105619697628,0.764207024377676,3.215559342406881e-08,0.00025584063538129404
33,"[ 1  2  3  4  5  6  7  8  9 10 11 12 13 14 15 16 17 18 19 20 21 22 23 24
 48 72 96]","{'learning_rate': 0.029828478771205005, 'n_estimators': 1700, 'max_depth': 5, 'min_child_weight': 5.7710338069652, 'subsample': 0.7708751016301661, 'colsample_bytree': 0.6650830823441027, 'gamma': 0.27365118680725775, 'reg_alpha': 7.708583005408917e-08, 'reg_lambda': 0.0009052202581070297}",229706.75432436558,0.029828478771205005,1700.0,5.0,5.7710338069652,0.7708751016301661,0.6650830823441027,0.27365118680725775,7.708583005408917e-08,0.0009052202581070297
34,"[ 1  2  3  4  5  6  7  8  9 10 11 12 13 14 15 16 17 18 19 20 21 22 23 24
 48 72 96]","{'learning_rate': 0.03185307635239769, 'n_estimators': 2500, 'max_depth': 8, 'min_child_weight': 30.318432194961, 'subsample': 0.7192339509468061, 'colsample_bytree': 0.7030240052009884, 'gamma': 9.487508607659745, 'reg_alpha': 3.2224467516308333, 'reg_lambda': 0.9716174950042092}",230106.9311580357,0.03185307635239769,2500.0,8.0,30.318432194961,0.7192339509468061,0.7030240052009884,9.487508607659745,3.2224467516308333,0.9716174950042092
35,"[ 1  2  3  4  5  6  7  8  9 10 11 12 13 14 15 16 17 18 19 20 21 22 23 24
 48 72 96]","{'learning_rate': 0.04281086638363606, 'n_estimators': 2600, 'max_depth': 8, 'min_child_weight': 27.15084592933988, 'subsample': 0.6629209380901713, 'colsample_bytree': 0.6267474420316101, 'gamma': 9.703211673809246, 'reg_alpha': 2.873973270004516e-07, 'reg_lambda': 0.0004856401303724128}",230921.2942853779,0.04281086638363606,2600.0,8.0,27.15084592933988,0.6629209380901713,0.6267474420316101,9.703211673809246,2.873973270004516e-07,0.0004856401303724128
36,"[  1   2   3   4   5   6   7   8   9  10  11  12  13  14  15  16  17  18
  19  20  21  22  23  24  25  26  27  28  29  30  31  32  33  34  35  36
  37  38  39  40  41  42  43  44  45  46  47  48  49  50  51  52  53  54
  55  56  57  58  59  60  61  62  63  64  65  66  67  68  69  70  71  72
  73  74  75  76  77  78  79  80  81  82  83  84  85  86  87  88  89  90
  91  92  93  94  95  96  97  98  99 100 101 102 103 104 105 106 107 108
 109 110 111 112 113 114 115 116 117 118 119 120 121 122 123 124 125 126
 127 128 129 130 131 132 133 134 135 136 137 138 139 140 141 142 143 144
 145 146 147 148 149 150 151 152 153 154 155 156 157 158 159 160 161 162
 163 164 165 166 167 168]","{'learning_rate': 0.041299511530522776, 'n_estimators': 3600, 'max_depth': 7, 'min_child_weight': 39.50943112192369, 'subsample': 0.772830648800397, 'colsample_bytree': 0.6545409891467906, 'gamma': 2.7889610609491156, 'reg_alpha': 4.3221128407459833e-07, 'reg_lambda': 3.354191029234611e-07}",231171.20850533526,0.041299511530522776,3600.0,7.0,39.50943112192369,0.772830648800397,0.6545409891467906,2.7889610609491156,4.3221128407459833e-07,3.354191029234611e-07
37,"[ 1  2  3  4  5  6  7  8  9 10 11 12 13 14 15 16 17 18 19 20 21 22 23 24
 48 72 96]","{'learning_rate': 0.025428220155628508, 'n_estimators': 2400, 'max_depth': 4, 'min_child_weight': 0.0789559077538846, 'subsample': 0.9312939168752457, 'colsample_bytree': 0.6200753694126759, 'gamma': 8.047072412382189, 'reg_alpha': 0.0010349953437676252, 'reg_lambda': 0.000404055021007022}",231708.05673736127,0.025428220155628508,2400.0,4.0,0.0789559077538846,0.9312939168752457,0.6200753694126759,8.047072412382189,0.0010349953437676252,0.000404055021007022
38,"[  1   2   3   4   5   6   7   8   9  10  11  12  13  14  15  16  17  18
  19  20  21  22  23  24  47  48  49 167 168 169]","{'learning_rate': 0.027134568074268152, 'n_estimators': 1500, 'max_depth': 7, 'min_child_weight': 1.7790068635381961, 'subsample': 0.8437913748231384, 'colsample_bytree': 0.645104615501083, 'gamma': 7.851880138605062, 'reg_alpha': 2.3389581357399802e-07, 'reg_lambda': 0.0001246985956202632}",231898.26284230794,0.027134568074268152,1500.0,7.0,1.7790068635381961,0.8437913748231384,0.645104615501083,7.851880138605062,2.3389581357399802e-07,0.0001246985956202632
39,"[ 1  2  3  4  5  6  7  8  9 10 11 12 13 14 15 16 17 18 19 20 21 22 23 24
 48 72 96]","{'learning_rate': 0.016992668146652068, 'n_estimators': 1300, 'max_depth': 6, 'min_child_weight': 3.6113922512740584, 'subsample': 0.7967784213813738, 'colsample_bytree': 0.6100611776386028, 'gamma': 9.092349390259098, 'reg_alpha': 4.827885831963553e-08, 'reg_lambda': 0.00041110070117594317}",232264.01835917486,0.016992668146652068,1300.0,6.0,3.6113922512740584,0.7967784213813738,0.6100611776386028,9.092349390259098,4.827885831963553e-08,0.00041110070117594317
40,"[ 1  2  3  4  5  6  7  8  9 10 11 12 13 14 15 16 17 18 19 20 21 22 23 24
 25 26 27 28 29 30 31 32 33 34 35 36 37 38 39 40 41 42 43 44 45 46 47 48
 49 50 51 52 53 54 55 56 57 58 59 60 61 62 63 64 65 66 67 68 69 70 71 72]","{'learning_rate': 0.04512379338019708, 'n_estimators': 3100, 'max_depth': 6, 'min_child_weight': 13.186333534700495, 'subsample': 0.6806211943519436, 'colsample_bytree': 0.6015571613420532, 'gamma': 4.760298060582098, 'reg_alpha': 0.0026733187918140115, 'reg_lambda': 2.6899446651948994e-07}",232560.55837854723,0.04512379338019708,3100.0,6.0,13.186333534700495,0.6806211943519436,0.6015571613420532,4.760298060582098,0.0026733187918140115,2.6899446651948994e-07
41,"[ 1  2  3  4  5  6  7  8  9 10 11 12 13 14 15 16 17 18 19 20 21 22 23 24
 25 26 27 28 29 30 31 32 33 34 35 36 37 38 39 40 41 42 43 44 45 46 47 48
 49 50 51 52 53 54 55 56 57 58 59 60 61 62 63 64 65 66 67 68 69 70 71 72]","{'learning_rate': 0.04797792213310181, 'n_estimators': 3000, 'max_depth': 5, 'min_child_weight': 17.839475073654945, 'subsample': 0.6505588857683398, 'colsample_bytree': 0.6079182823439488, 'gamma': 4.7400842932875875, 'reg_alpha': 0.0024045752278930247, 'reg_lambda': 2.7076597853663185e-07}",232652.15141207966,0.04797792213310181,3000.0,5.0,17.839475073654945,0.6505588857683398,0.6079182823439488,4.7400842932875875,0.0024045752278930247,2.7076597853663185e-07
42,"[ 1  2  3  4  5  6  7  8  9 10 11 12 13 14 15 16 17 18 19 20 21 22 23 24
 48 72 96]","{'learning_rate': 0.0115411558687058, 'n_estimators': 2300, 'max_depth': 5, 'min_child_weight': 1.3913043761442834, 'subsample': 0.7805134502254166, 'colsample_bytree': 0.6124013503435475, 'gamma': 8.010279130908815, 'reg_alpha': 4.120036572049649e-08, 'reg_lambda': 0.004977504387164723}",232662.93972469214,0.0115411558687058,2300.0,5.0,1.3913043761442834,0.7805134502254166,0.6124013503435475,8.010279130908815,4.120036572049649e-08,0.004977504387164723
43,"[ 1  2  3  4  5  6  7  8  9 10 11 12 13 14 15 16 17 18 19 20 21 22 23 24
 25 26 27 28 29 30 31 32 33 34 35 36 37 38 39 40 41 42 43 44 45 46 47 48
 49 50 51 52 53 54 55 56 57 58 59 60 61 62 63 64 65 66 67 68 69 70 71 72]","{'learning_rate': 0.01866068073356565, 'n_estimators': 2500, 'max_depth': 8, 'min_child_weight': 0.05783827983048845, 'subsample': 0.7361048291261213, 'colsample_bytree': 0.6290704457301631, 'gamma': 9.038626475017306, 'reg_alpha': 9.619823904570916e-05, 'reg_lambda': 1.9483843209758745e-07}",233248.11799757404,0.01866068073356565,2500.0,8.0,0.05783827983048845,0.7361048291261213,0.6290704457301631,9.038626475017306,9.619823904570916e-05,1.9483843209758745e-07
44,"[  1   2   3   4   5   6   7   8   9  10  11  12  13  14  15  16  17  18
  19  20  21  22  23  24  47  48  49 167 168 169]","{'learning_rate': 0.013657993613364887, 'n_estimators': 4900, 'max_depth': 6, 'min_child_weight': 1.368525610408159, 'subsample': 0.7240685690448662, 'colsample_bytree': 0.7017139752211022, 'gamma': 7.08543913398939, 'reg_alpha': 0.00010009343307167073, 'reg_lambda': 7.286062589461165}",233426.77162935815,0.013657993613364887,4900.0,6.0,1.368525610408159,0.7240685690448662,0.7017139752211022,7.08543913398939,0.00010009343307167073,7.286062589461165
45,"[ 1  2  3  4  5  6  7  8  9 10 11 12 13 14 15 16 17 18 19 20 21 22 23 24
 48 72 96]","{'learning_rate': 0.020169370537694287, 'n_estimators': 2000, 'max_depth': 7, 'min_child_weight': 1.9212932638808278, 'subsample': 0.7927614845877806, 'colsample_bytree': 0.6141039852075212, 'gamma': 9.188211798748213, 'reg_alpha': 2.5637989118589854e-08, 'reg_lambda': 0.004419619067488388}",234578.6218613082,0.020169370537694287,2000.0,7.0,1.9212932638808278,0.7927614845877806,0.6141039852075212,9.188211798748213,2.5637989118589854e-08,0.004419619067488388
46,"[  1   2   3   4   5   6   7   8   9  10  11  12  13  14  15  16  17  18
  19  20  21  22  23  24  25  26  27  28  29  30  31  32  33  34  35  36
  37  38  39  40  41  42  43  44  45  46  47  48  49  50  51  52  53  54
  55  56  57  58  59  60  61  62  63  64  65  66  67  68  69  70  71  72
  73  74  75  76  77  78  79  80  81  82  83  84  85  86  87  88  89  90
  91  92  93  94  95  96  97  98  99 100 101 102 103 104 105 106 107 108
 109 110 111 112 113 114 115 116 117 118 119 120 121 122 123 124 125 126
 127 128 129 130 131 132 133 134 135 136 137 138 139 140 141 142 143 144
 145 146 147 148 149 150 151 152 153 154 155 156 157 158 159 160 161 162
 163 164 165 166 167 168]","{'learning_rate': 0.030414016210043998, 'n_estimators': 4500, 'max_depth': 7, 'min_child_weight': 0.17001511816765724, 'subsample': 0.7095646317917128, 'colsample_bytree': 0.6665061306540493, 'gamma': 2.6625818154154812, 'reg_alpha': 0.0005144911277351848, 'reg_lambda': 6.949601633619743e-07}",234808.26710816892,0.030414016210043998,4500.0,7.0,0.17001511816765724,0.7095646317917128,0.6665061306540493,2.6625818154154812,0.0005144911277351848,6.949601633619743e-07
47,"[ 1  2  3  4  5  6  7  8  9 10 11 12 13 14 15 16 17 18 19 20 21 22 23 24
 48 72 96]","{'learning_rate': 0.010103876534097002, 'n_estimators': 2200, 'max_depth': 6, 'min_child_weight': 0.04908432622863451, 'subsample': 0.9790230954673786, 'colsample_bytree': 0.638695695800038, 'gamma': 8.579530936268025, 'reg_alpha': 0.0014257629400465082, 'reg_lambda': 3.013156104373467e-05}",235981.29728997522,0.010103876534097002,2200.0,6.0,0.04908432622863451,0.9790230954673786,0.638695695800038,8.579530936268025,0.0014257629400465082,3.013156104373467e-05
48,"[ 1  2  3  4  5  6  7  8  9 10 11 12 13 14 15 16 17 18 19 20 21 22 23 24
 48 72 96]","{'learning_rate': 0.023219437419259994, 'n_estimators': 900, 'max_depth': 5, 'min_child_weight': 14.461092464194023, 'subsample': 0.7650793320735415, 'colsample_bytree': 0.6259864578221763, 'gamma': 1.7775424169678065, 'reg_alpha': 1.8675783137413194e-07, 'reg_lambda': 0.00025027293297931127}",236371.1958796708,0.023219437419259994,900.0,5.0,14.461092464194023,0.7650793320735415,0.6259864578221763,1.7775424169678065,1.8675783137413194e-07,0.00025027293297931127
49,"[  1   2   3   4   5   6   7   8   9  10  11  12  13  14  15  16  17  18
  19  20  21  22  23  24 168]","{'learning_rate': 0.011468118729269818, 'n_estimators': 2800, 'max_depth': 6, 'min_child_weight': 0.005357397994609288, 'subsample': 0.9360696372566731, 'colsample_bytree': 0.6189745223865636, 'gamma': 9.394549200112277, 'reg_alpha': 0.000303696277837754, 'reg_lambda': 0.0022175580611858226}",236653.62289498272,0.011468118729269818,2800.0,6.0,0.005357397994609288,0.9360696372566731,0.6189745223865636,9.394549200112277,0.000303696277837754,0.0022175580611858226
50,"[ 1  2  3  4  5  6  7  8  9 10 11 12 13 14 15 16 17 18 19 20 21 22 23 24
 48 72 96]","{'learning_rate': 0.006360919553072576, 'n_estimators': 3300, 'max_depth': 5, 'min_child_weight': 0.03795005188388121, 'subsample': 0.9752952054584098, 'colsample_bytree': 0.6033673439116288, 'gamma': 1.24034267623633, 'reg_alpha': 1.3083424030708254e-05, 'reg_lambda': 5.062961499851002e-08}",236881.80897279445,0.006360919553072576,3300.0,5.0,0.03795005188388121,0.9752952054584098,0.6033673439116288,1.24034267623633,1.3083424030708254e-05,5.062961499851002e-08
51,"[  1   2   3   4   5   6   7   8   9  10  11  12  13  14  15  16  17  18
  19  20  21  22  23  24  47  48  49 167 168 169]","{'learning_rate': 0.02025232821200764, 'n_estimators': 4900, 'max_depth': 6, 'min_child_weight': 1.1570450386720872, 'subsample': 0.7455978021501757, 'colsample_bytree': 0.6953451087560821, 'gamma': 7.279190802496142, 'reg_alpha': 4.873039088120584e-05, 'reg_lambda': 3.7259732371049514}",237478.15761887495,0.02025232821200764,4900.0,6.0,1.1570450386720872,0.7455978021501757,0.6953451087560821,7.279190802496142,4.873039088120584e-05,3.7259732371049514
52,"[ 1  2  3  4  5  6  7  8  9 10 11 12 13 14 15 16 17 18 19 20 21 22 23 24
 25 26 27 28 29 30 31 32 33 34 35 36 37 38 39 40 41 42 43 44 45 46 47 48
 49 50 51 52 53 54 55 56 57 58 59 60 61 62 63 64 65 66 67 68 69 70 71 72]","{'learning_rate': 0.02879747093252949, 'n_estimators': 3100, 'max_depth': 6, 'min_child_weight': 0.22022573771691684, 'subsample': 0.7614453163187515, 'colsample_bytree': 0.6547317831338633, 'gamma': 6.318327101665684, 'reg_alpha': 8.140831432183633e-07, 'reg_lambda': 2.1331661489686992e-08}",238380.43191697038,0.02879747093252949,3100.0,6.0,0.22022573771691684,0.7614453163187515,0.6547317831338633,6.318327101665684,8.140831432183633e-07,2.1331661489686992e-08
53,"[ 1  2  3  4  5  6  7  8  9 10 11 12 13 14 15 16 17 18 19 20 21 22 23 24
 48 72 96]","{'learning_rate': 0.01876874868356456, 'n_estimators': 1200, 'max_depth': 7, 'min_child_weight': 0.33098114419679836, 'subsample': 0.9520483877168394, 'colsample_bytree': 0.6669358968272989, 'gamma': 7.471895284779773, 'reg_alpha': 0.006085555412274132, 'reg_lambda': 0.0015330580712946227}",239308.24994138625,0.01876874868356456,1200.0,7.0,0.33098114419679836,0.9520483877168394,0.6669358968272989,7.471895284779773,0.006085555412274132,0.0015330580712946227
54,"[ 1  2  3  4  5  6  7  8  9 10 11 12 13 14 15 16 17 18 19 20 21 22 23 24
 48 72 96]","{'learning_rate': 0.008048511992228126, 'n_estimators': 2500, 'max_depth': 5, 'min_child_weight': 0.10341141490580064, 'subsample': 0.9481535626427954, 'colsample_bytree': 0.6598398168113345, 'gamma': 8.09005001148701, 'reg_alpha': 4.900717727750329e-06, 'reg_lambda': 0.05497186952875747}",240066.45744654525,0.008048511992228126,2500.0,5.0,0.10341141490580064,0.9481535626427954,0.6598398168113345,8.09005001148701,4.900717727750329e-06,0.05497186952875747
55,"[  1   2   3   4   5   6   7   8   9  10  11  12  13  14  15  16  17  18
  19  20  21  22  23  24 167 168 169]","{'learning_rate': 0.02416363238130084, 'n_estimators': 2900, 'max_depth': 7, 'min_child_weight': 0.8820257999491922, 'subsample': 0.9459697794726732, 'colsample_bytree': 0.6473813999961004, 'gamma': 5.285685494753189, 'reg_alpha': 3.593342135203762e-05, 'reg_lambda': 0.0006459854414590277}",240441.04972603498,0.02416363238130084,2900.0,7.0,0.8820257999491922,0.9459697794726732,0.6473813999961004,5.285685494753189,3.593342135203762e-05,0.0006459854414590277
56,"[ 1  2  3  4  5  6  7  8  9 10 11 12 13 14 15 16 17 18 19 20 21 22 23 24
 48 72 96]","{'learning_rate': 0.00506990573514743, 'n_estimators': 2000, 'max_depth': 6, 'min_child_weight': 0.557050964474662, 'subsample': 0.9817935757461919, 'colsample_bytree': 0.6181187885037073, 'gamma': 9.635019907379514, 'reg_alpha': 1.7324283817896618e-07, 'reg_lambda': 2.9727008243680865e-08}",240472.48262204794,0.00506990573514743,2000.0,6.0,0.557050964474662,0.9817935757461919,0.6181187885037073,9.635019907379514,1.7324283817896618e-07,2.9727008243680865e-08
57,"[ 1  2  3  4  5  6  7  8  9 10 11 12 13 14 15 16 17 18 19 20 21 22 23 24
 48 72 96]","{'learning_rate': 0.05554204792571843, 'n_estimators': 2700, 'max_depth': 8, 'min_child_weight': 10.50786267277113, 'subsample': 0.6963940449828838, 'colsample_bytree': 0.6006754306620011, 'gamma': 9.258647168765517, 'reg_alpha': 6.589342428747259e-07, 'reg_lambda': 6.774403483394598e-06}",241368.45649038767,0.05554204792571843,2700.0,8.0,10.50786267277113,0.6963940449828838,0.6006754306620011,9.258647168765517,6.589342428747259e-07,6.774403483394598e-06
58,"[  1   2   3   4   5   6   7   8   9  10  11  12  13  14  15  16  17  18
  19  20  21  22  23  24 168]","{'learning_rate': 0.00939838773640103, 'n_estimators': 4200, 'max_depth': 5, 'min_child_weight': 0.3940673152626014, 'subsample': 0.8314205872435332, 'colsample_bytree': 0.808613223758933, 'gamma': 0.02688064574320692, 'reg_alpha': 7.854323296284434, 'reg_lambda': 1.4062877087513}",242956.1837078242,0.00939838773640103,4200.0,5.0,0.3940673152626014,0.8314205872435332,0.808613223758933,0.02688064574320692,7.854323296284434,1.4062877087513
59,"[ 1  2  3  4  5  6  7  8  9 10 11 12 13 14 15 16 17 18 19 20 21 22 23 24
 25 26 27 28 29 30 31 32 33 34 35 36 37 38 39 40 41 42 43 44 45 46 47 48
 49 50 51 52 53 54 55 56 57 58 59 60 61 62 63 64 65 66 67 68 69 70 71 72]","{'learning_rate': 0.02294147355543716, 'n_estimators': 3100, 'max_depth': 6, 'min_child_weight': 0.14911855641030428, 'subsample': 0.8382148774791125, 'colsample_bytree': 0.6114186209848625, 'gamma': 8.178477502726244, 'reg_alpha': 0.00025107649636889714, 'reg_lambda': 1.474426200903501e-07}",243823.25744743468,0.02294147355543716,3100.0,6.0,0.14911855641030428,0.8382148774791125,0.6114186209848625,8.178477502726244,0.00025107649636889714,1.474426200903501e-07
60,"[  1   2   3   4   5   6   7   8   9  10  11  12  13  14  15  16  17  18
  19  20  21  22  23  24  25  26  27  28  29  30  31  32  33  34  35  36
  37  38  39  40  41  42  43  44  45  46  47  48  49  50  51  52  53  54
  55  56  57  58  59  60  61  62  63  64  65  66  67  68  69  70  71  72
  73  74  75  76  77  78  79  80  81  82  83  84  85  86  87  88  89  90
  91  92  93  94  95  96  97  98  99 100 101 102 103 104 105 106 107 108
 109 110 111 112 113 114 115 116 117 118 119 120 121 122 123 124 125 126
 127 128 129 130 131 132 133 134 135 136 137 138 139 140 141 142 143 144
 145 146 147 148 149 150 151 152 153 154 155 156 157 158 159 160 161 162
 163 164 165 166 167 168]","{'learning_rate': 0.0625312088579281, 'n_estimators': 4400, 'max_depth': 7, 'min_child_weight': 49.19367092359912, 'subsample': 0.7572428153335314, 'colsample_bytree': 0.7330787488773506, 'gamma': 2.3189779767876746, 'reg_alpha': 3.734542561508637e-07, 'reg_lambda': 6.129509455585315e-08}",244556.30440371597,0.0625312088579281,4400.0,7.0,49.19367092359912,0.7572428153335314,0.7330787488773506,2.3189779767876746,3.734542561508637e-07,6.129509455585315e-08
61,"[ 1  2  3  4  5  6  7  8  9 10 11 12 13 14 15 16 17 18 19 20 21 22 23 24
 25 26 27 28 29 30 31 32 33 34 35 36 37 38 39 40 41 42 43 44 45 46 47 48
 49 50 51 52 53 54 55 56 57 58 59 60 61 62 63 64 65 66 67 68 69 70 71 72]","{'learning_rate': 0.09469108699561585, 'n_estimators': 3700, 'max_depth': 5, 'min_child_weight': 11.565041115139307, 'subsample': 0.7498742151881803, 'colsample_bytree': 0.6229856384084312, 'gamma': 4.0227189673400625, 'reg_alpha': 1.5416790806309454e-05, 'reg_lambda': 1.790105587277128e-07}",244663.2881548279,0.09469108699561585,3700.0,5.0,11.565041115139307,0.7498742151881803,0.6229856384084312,4.0227189673400625,1.5416790806309454e-05,1.790105587277128e-07
62,[ 1  2  3  4  5  6  7  8  9 10 11 12 13 14 15 16 17 18 19 20 21 22 23 24],"{'learning_rate': 0.015255258109966913, 'n_estimators': 2000, 'max_depth': 4, 'min_child_weight': 3.00107398315182, 'subsample': 0.7538213128322202, 'colsample_bytree': 0.6007503883509903, 'gamma': 9.75875147501378, 'reg_alpha': 1.1214732941787018e-08, 'reg_lambda': 0.0030338992667450263}",245007.9774183082,0.015255258109966913,2000.0,4.0,3.00107398315182,0.7538213128322202,0.6007503883509903,9.75875147501378,1.1214732941787018e-08,0.0030338992667450263
63,"[ 1  2  3  4  5  6  7  8  9 10 11 12 13 14 15 16 17 18 19 20 21 22 23 24
 48 72 96]","{'learning_rate': 0.03833701017065078, 'n_estimators': 2400, 'max_depth': 7, 'min_child_weight': 6.742155637891061, 'subsample': 0.7354467807763176, 'colsample_bytree': 0.6648909831033152, 'gamma': 9.997798896016729, 'reg_alpha': 2.098374710067397e-08, 'reg_lambda': 0.002106786931067835}",245624.57821048287,0.03833701017065078,2400.0,7.0,6.742155637891061,0.7354467807763176,0.6648909831033152,9.997798896016729,2.098374710067397e-08,0.002106786931067835
64,"[  1   2   3   4   5   6   7   8   9  10  11  12  13  14  15  16  17  18
  19  20  21  22  23  24  25  26  27  28  29  30  31  32  33  34  35  36
  37  38  39  40  41  42  43  44  45  46  47  48  49  50  51  52  53  54
  55  56  57  58  59  60  61  62  63  64  65  66  67  68  69  70  71  72
  73  74  75  76  77  78  79  80  81  82  83  84  85  86  87  88  89  90
  91  92  93  94  95  96  97  98  99 100 101 102 103 104 105 106 107 108
 109 110 111 112 113 114 115 116 117 118 119 120 121 122 123 124 125 126
 127 128 129 130 131 132 133 134 135 136 137 138 139 140 141 142 143 144
 145 146 147 148 149 150 151 152 153 154 155 156 157 158 159 160 161 162
 163 164 165 166 167 168]","{'learning_rate': 0.035843118679175445, 'n_estimators': 3800, 'max_depth': 9, 'min_child_weight': 49.15001543544478, 'subsample': 0.7834387367708114, 'colsample_bytree': 0.6731543698756964, 'gamma': 2.8851081977865336, 'reg_alpha': 6.538784513640471e-07, 'reg_lambda': 4.3867226395421216e-07}",246228.03565179027,0.035843118679175445,3800.0,9.0,49.15001543544478,0.7834387367708114,0.6731543698756964,2.8851081977865336,6.538784513640471e-07,4.3867226395421216e-07
65,"[ 1  2  3  4  5  6  7  8  9 10 11 12 13 14 15 16 17 18 19 20 21 22 23 24
 48 72 96]","{'learning_rate': 0.021856785178138396, 'n_estimators': 1300, 'max_depth': 4, 'min_child_weight': 4.763271246621419, 'subsample': 0.8212135645929598, 'colsample_bytree': 0.61897281801751, 'gamma': 9.073236887206496, 'reg_alpha': 2.8696771128094325e-06, 'reg_lambda': 2.3649321220432147e-08}",246771.5894866241,0.021856785178138396,1300.0,4.0,4.763271246621419,0.8212135645929598,0.61897281801751,9.073236887206496,2.8696771128094325e-06,2.3649321220432147e-08
66,"[  1   2   3   4   5   6   7   8   9  10  11  12  13  14  15  16  17  18
  19  20  21  22  23  24  25  26  27  28  29  30  31  32  33  34  35  36
  37  38  39  40  41  42  43  44  45  46  47  48  49  50  51  52  53  54
  55  56  57  58  59  60  61  62  63  64  65  66  67  68  69  70  71  72
  73  74  75  76  77  78  79  80  81  82  83  84  85  86  87  88  89  90
  91  92  93  94  95  96  97  98  99 100 101 102 103 104 105 106 107 108
 109 110 111 112 113 114 115 116 117 118 119 120 121 122 123 124 125 126
 127 128 129 130 131 132 133 134 135 136 137 138 139 140 141 142 143 144
 145 146 147 148 149 150 151 152 153 154 155 156 157 158 159 160 161 162
 163 164 165 166 167 168]","{'learning_rate': 0.039808505652710484, 'n_estimators': 3500, 'max_depth': 5, 'min_child_weight': 2.788404307874451, 'subsample': 0.8019788668376825, 'colsample_bytree': 0.6547023841903689, 'gamma': 3.520178293304343, 'reg_alpha': 8.469168203611787e-06, 'reg_lambda': 1.2753837909079284e-06}",246953.17836016597,0.039808505652710484,3500.0,5.0,2.788404307874451,0.8019788668376825,0.6547023841903689,3.520178293304343,8.469168203611787e-06,1.2753837909079284e-06
67,"[ 1  2  3  4  5  6  7  8  9 10 11 12 13 14 15 16 17 18 19 20 21 22 23 24
 48 72 96]","{'learning_rate': 0.020146267647077425, 'n_estimators': 1800, 'max_depth': 4, 'min_child_weight': 2.5183255601613803, 'subsample': 0.7742052638540665, 'colsample_bytree': 0.6315644656880514, 'gamma': 9.38879214581245, 'reg_alpha': 5.360093694105016e-07, 'reg_lambda': 5.523804410729494e-05}",248334.75601767172,0.020146267647077425,1800.0,4.0,2.5183255601613803,0.7742052638540665,0.6315644656880514,9.38879214581245,5.360093694105016e-07,5.523804410729494e-05
68,"[  1   2   3   4   5   6   7   8   9  10  11  12  13  14  15  16  17  18
  19  20  21  22  23  24  47  48  49 167 168 169]","{'learning_rate': 0.02450405729270042, 'n_estimators': 2600, 'max_depth': 6, 'min_child_weight': 0.029329598662509095, 'subsample': 0.7705405227851233, 'colsample_bytree': 0.9573556652468539, 'gamma': 9.441600182038796, 'reg_alpha': 0.0003284959979640214, 'reg_lambda': 0.004126449800254725}",249890.52942111786,0.02450405729270042,2600.0,6.0,0.029329598662509095,0.7705405227851233,0.9573556652468539,9.441600182038796,0.0003284959979640214,0.004126449800254725
69,"[  1   2   3   4   5   6   7   8   9  10  11  12  13  14  15  16  17  18
  19  20  21  22  23  24  47  48  49 167 168 169]","{'learning_rate': 0.01692005962892076, 'n_estimators': 4900, 'max_depth': 8, 'min_child_weight': 2.494477211809415, 'subsample': 0.7285288163940088, 'colsample_bytree': 0.6809272071768602, 'gamma': 7.389131785852035, 'reg_alpha': 7.059123188569028e-06, 'reg_lambda': 0.47455962841510724}",250510.82678476497,0.01692005962892076,4900.0,8.0,2.494477211809415,0.7285288163940088,0.6809272071768602,7.389131785852035,7.059123188569028e-06,0.47455962841510724
70,"[  1   2   3   4   5   6   7   8   9  10  11  12  13  14  15  16  17  18
  19  20  21  22  23  24  25  26  27  28  29  30  31  32  33  34  35  36
  37  38  39  40  41  42  43  44  45  46  47  48  49  50  51  52  53  54
  55  56  57  58  59  60  61  62  63  64  65  66  67  68  69  70  71  72
  73  74  75  76  77  78  79  80  81  82  83  84  85  86  87  88  89  90
  91  92  93  94  95  96  97  98  99 100 101 102 103 104 105 106 107 108
 109 110 111 112 113 114 115 116 117 118 119 120 121 122 123 124 125 126
 127 128 129 130 131 132 133 134 135 136 137 138 139 140 141 142 143 144
 145 146 147 148 149 150 151 152 153 154 155 156 157 158 159 160 161 162
 163 164 165 166 167 168]","{'learning_rate': 0.02680069637991535, 'n_estimators': 3900, 'max_depth': 9, 'min_child_weight': 17.464179859826217, 'subsample': 0.7164032460056545, 'colsample_bytree': 0.7081366509570673, 'gamma': 2.2912129501516514, 'reg_alpha': 2.0169353210587593e-06, 'reg_lambda': 4.972790262555016e-08}",251668.99086545623,0.02680069637991535,3900.0,9.0,17.464179859826217,0.7164032460056545,0.7081366509570673,2.2912129501516514,2.0169353210587593e-06,4.972790262555016e-08
71,"[  1   2   3   4   5   6   7   8   9  10  11  12  13  14  15  16  17  18
  19  20  21  22  23  24 168]","{'learning_rate': 0.009891381803985204, 'n_estimators': 2600, 'max_depth': 4, 'min_child_weight': 1.5311861576732717, 'subsample': 0.8698445159424961, 'colsample_bytree': 0.6291393304584582, 'gamma': 8.633910729821565, 'reg_alpha': 8.496673686023242e-06, 'reg_lambda': 9.83449556097247e-07}",251985.9675594794,0.009891381803985204,2600.0,4.0,1.5311861576732717,0.8698445159424961,0.6291393304584582,8.633910729821565,8.496673686023242e-06,9.83449556097247e-07
72,"[  1   2   3   4   5   6   7   8   9  10  11  12  13  14  15  16  17  18
  19  20  21  22  23  24  25  26  27  28  29  30  31  32  33  34  35  36
  37  38  39  40  41  42  43  44  45  46  47  48  49  50  51  52  53  54
  55  56  57  58  59  60  61  62  63  64  65  66  67  68  69  70  71  72
  73  74  75  76  77  78  79  80  81  82  83  84  85  86  87  88  89  90
  91  92  93  94  95  96  97  98  99 100 101 102 103 104 105 106 107 108
 109 110 111 112 113 114 115 116 117 118 119 120 121 122 123 124 125 126
 127 128 129 130 131 132 133 134 135 136 137 138 139 140 141 142 143 144
 145 146 147 148 149 150 151 152 153 154 155 156 157 158 159 160 161 162
 163 164 165 166 167 168]","{'learning_rate': 0.054112280037036956, 'n_estimators': 2100, 'max_depth': 4, 'min_child_weight': 0.8256481146029455, 'subsample': 0.8815266960867807, 'colsample_bytree': 0.7846768390929807, 'gamma': 6.522116434488629, 'reg_alpha': 6.859406101577745e-08, 'reg_lambda': 0.0005621035625957619}",254900.85643728526,0.054112280037036956,2100.0,4.0,0.8256481146029455,0.8815266960867807,0.7846768390929807,6.522116434488629,6.859406101577745e-08,0.0005621035625957619
73,"[  1   2   3   4   5   6   7   8   9  10  11  12  13  14  15  16  17  18
  19  20  21  22  23  24 167 168 169]","{'learning_rate': 0.05136457332248834, 'n_estimators': 1600, 'max_depth': 6, 'min_child_weight': 4.504910428917421, 'subsample': 0.7852380816190273, 'colsample_bytree': 0.6771751216344841, 'gamma': 7.401183029059263, 'reg_alpha': 2.0199435343012418e-08, 'reg_lambda': 0.0009702162163123336}",257113.16590089363,0.05136457332248834,1600.0,6.0,4.504910428917421,0.7852380816190273,0.6771751216344841,7.401183029059263,2.0199435343012418e-08,0.0009702162163123336
74,"[  1   2   3   4   5   6   7   8   9  10  11  12  13  14  15  16  17  18
  19  20  21  22  23  24  25  26  27  28  29  30  31  32  33  34  35  36
  37  38  39  40  41  42  43  44  45  46  47  48  49  50  51  52  53  54
  55  56  57  58  59  60  61  62  63  64  65  66  67  68  69  70  71  72
  73  74  75  76  77  78  79  80  81  82  83  84  85  86  87  88  89  90
  91  92  93  94  95  96  97  98  99 100 101 102 103 104 105 106 107 108
 109 110 111 112 113 114 115 116 117 118 119 120 121 122 123 124 125 126
 127 128 129 130 131 132 133 134 135 136 137 138 139 140 141 142 143 144
 145 146 147 148 149 150 151 152 153 154 155 156 157 158 159 160 161 162
 163 164 165 166 167 168]","{'learning_rate': 0.016205145793508405, 'n_estimators': 3500, 'max_depth': 8, 'min_child_weight': 0.06724609672990652, 'subsample': 0.9700529958455945, 'colsample_bytree': 0.9366679987650866, 'gamma': 3.573975666831762, 'reg_alpha': 2.4678750890085655e-08, 'reg_lambda': 5.5323883828333925e-06}",258330.28603827942,0.016205145793508405,3500.0,8.0,0.06724609672990652,0.9700529958455945,0.9366679987650866,3.573975666831762,2.4678750890085655e-08,5.5323883828333925e-06
75,"[ 1  2  3  4  5  6  7  8  9 10 11 12 13 14 15 16 17 18 19 20 21 22 23 24
 48 72 96]","{'learning_rate': 0.00873142744115015, 'n_estimators': 2100, 'max_depth': 4, 'min_child_weight': 0.04110451306672739, 'subsample': 0.8052512616796008, 'colsample_bytree': 0.8666498200656286, 'gamma': 1.0590848505681383, 'reg_alpha': 1.5067963377209236e-07, 'reg_lambda': 7.903609202311925e-06}",259987.22471950305,0.00873142744115015,2100.0,4.0,0.04110451306672739,0.8052512616796008,0.8666498200656286,1.0590848505681383,1.5067963377209236e-07,7.903609202311925e-06
76,[ 1  2  3  4  5  6  7  8  9 10 11 12 13 14 15 16 17 18 19 20 21 22 23 24],"{'learning_rate': 0.00792646083317246, 'n_estimators': 1500, 'max_depth': 5, 'min_child_weight': 0.008289613760645805, 'subsample': 0.8971886688852871, 'colsample_bytree': 0.64657113043427, 'gamma': 9.228731951899235, 'reg_alpha': 6.579055666078805e-05, 'reg_lambda': 1.0544144661532367e-07}",262294.22102055023,0.00792646083317246,1500.0,5.0,0.008289613760645805,0.8971886688852871,0.64657113043427,9.228731951899235,6.579055666078805e-05,1.0544144661532367e-07
77,"[ 1  2  3  4  5  6  7  8  9 10 11 12 13 14 15 16 17 18 19 20 21 22 23 24
 48 72 96]","{'learning_rate': 0.13780485971774112, 'n_estimators': 4600, 'max_depth': 7, 'min_child_weight': 8.740670045299705, 'subsample': 0.9374020607522051, 'colsample_bytree': 0.7685823993317951, 'gamma': 5.641195627806933, 'reg_alpha': 2.48714564853837e-05, 'reg_lambda': 1.2499441836703024e-06}",263550.7619618281,0.13780485971774112,4600.0,7.0,8.740670045299705,0.9374020607522051,0.7685823993317951,5.641195627806933,2.48714564853837e-05,1.2499441836703024e-06
78,"[ 1  2  3  4  5  6  7  8  9 10 11 12 13 14 15 16 17 18 19 20 21 22 23 24
 48 72 96]","{'learning_rate': 0.01447606301117031, 'n_estimators': 3200, 'max_depth': 4, 'min_child_weight': 0.20244455279828563, 'subsample': 0.8909324155009415, 'colsample_bytree': 0.8337587326689506, 'gamma': 7.70234095470948, 'reg_alpha': 1.4950818769971096e-06, 'reg_lambda': 0.00015880595087849444}",264159.39603343996,0.01447606301117031,3200.0,4.0,0.20244455279828563,0.8909324155009415,0.8337587326689506,7.70234095470948,1.4950818769971096e-06,0.00015880595087849444
79,"[ 1  2  3  4  5  6  7  8  9 10 11 12 13 14 15 16 17 18 19 20 21 22 23 24
 48 72 96]","{'learning_rate': 0.011929539455591377, 'n_estimators': 2400, 'max_depth': 8, 'min_child_weight': 0.060758613254918575, 'subsample': 0.9578573661696093, 'colsample_bytree': 0.9051166117555812, 'gamma': 8.833534812629818, 'reg_alpha': 6.856213595667619e-05, 'reg_lambda': 0.01215100187561669}",265475.33130752377,0.011929539455591377,2400.0,8.0,0.060758613254918575,0.9578573661696093,0.9051166117555812,8.833534812629818,6.856213595667619e-05,0.01215100187561669
80,[ 1  2  3  4  5  6  7  8  9 10 11 12 13 14 15 16 17 18 19 20 21 22 23 24],"{'learning_rate': 0.020353265326005846, 'n_estimators': 2900, 'max_depth': 3, 'min_child_weight': 0.2995172126251224, 'subsample': 0.964012239735976, 'colsample_bytree': 0.6757020907267153, 'gamma': 8.973380941012786, 'reg_alpha': 0.0091930571325791, 'reg_lambda': 0.00800994905516172}",266603.75738042773,0.020353265326005846,2900.0,3.0,0.2995172126251224,0.964012239735976,0.6757020907267153,8.973380941012786,0.0091930571325791,0.00800994905516172
81,[ 1  2  3  4  5  6  7  8  9 10 11 12 13 14 15 16 17 18 19 20 21 22 23 24],"{'learning_rate': 0.175718974923109, 'n_estimators': 4400, 'max_depth': 8, 'min_child_weight': 46.08453808849034, 'subsample': 0.6054409934557673, 'colsample_bytree': 0.633442053595492, 'gamma': 8.32369507493551, 'reg_alpha': 0.00016218854444675988, 'reg_lambda': 1.006924805855821e-08}",267296.3759409328,0.175718974923109,4400.0,8.0,46.08453808849034,0.6054409934557673,0.633442053595492,8.32369507493551,0.00016218854444675988,1.006924805855821e-08
82,"[  1   2   3   4   5   6   7   8   9  10  11  12  13  14  15  16  17  18
  19  20  21  22  23  24 167 168 169]","{'learning_rate': 0.0069719375224934176, 'n_estimators': 1800, 'max_depth': 5, 'min_child_weight': 0.033008171439727056, 'subsample': 0.9066957223639158, 'colsample_bytree': 0.6423800725619709, 'gamma': 6.86511283646057, 'reg_alpha': 0.014384138970850308, 'reg_lambda': 1.1238446485859542e-05}",268087.46702043945,0.0069719375224934176,1800.0,5.0,0.033008171439727056,0.9066957223639158,0.6423800725619709,6.86511283646057,0.014384138970850308,1.1238446485859542e-05
83,"[  1   2   3   4   5   6   7   8   9  10  11  12  13  14  15  16  17  18
  19  20  21  22  23  24 167 168 169]","{'learning_rate': 0.061470146910115896, 'n_estimators': 2700, 'max_depth': 9, 'min_child_weight': 3.2823820766715577, 'subsample': 0.6474984718740242, 'colsample_bytree': 0.6420200785346919, 'gamma': 4.062362052593178, 'reg_alpha': 1.365926426627348e-08, 'reg_lambda': 3.383319494827376e-08}",275825.68741887464,0.061470146910115896,2700.0,9.0,3.2823820766715577,0.6474984718740242,0.6420200785346919,4.062362052593178,1.365926426627348e-08,3.383319494827376e-08
84,"[  1   2   3   4   5   6   7   8   9  10  11  12  13  14  15  16  17  18
  19  20  21  22  23  24 168]","{'learning_rate': 0.00980240640877804, 'n_estimators': 1000, 'max_depth': 7, 'min_child_weight': 0.315530887680847, 'subsample': 0.8537603834205284, 'colsample_bytree': 0.9397727176311158, 'gamma': 7.244553248606352, 'reg_alpha': 0.0031565421730157593, 'reg_lambda': 0.03176804162710854}",277066.4250688587,0.00980240640877804,1000.0,7.0,0.315530887680847,0.8537603834205284,0.9397727176311158,7.244553248606352,0.0031565421730157593,0.03176804162710854
85,[ 1  2  3  4  5  6  7  8  9 10 11 12 13 14 15 16 17 18 19 20 21 22 23 24],"{'learning_rate': 0.04403864663654021, 'n_estimators': 2800, 'max_depth': 11, 'min_child_weight': 20.312079402148292, 'subsample': 0.6727146144355953, 'colsample_bytree': 0.6731015008559383, 'gamma': 9.736298220635643, 'reg_alpha': 2.7559963492731166e-07, 'reg_lambda': 0.03480327197250455}",278262.80980932084,0.04403864663654021,2800.0,11.0,20.312079402148292,0.6727146144355953,0.6731015008559383,9.736298220635643,2.7559963492731166e-07,0.03480327197250455
86,"[  1   2   3   4   5   6   7   8   9  10  11  12  13  14  15  16  17  18
  19  20  21  22  23  24  47  48  49 167 168 169]","{'learning_rate': 0.06527628377763685, 'n_estimators': 1600, 'max_depth': 4, 'min_child_weight': 0.38959337476392975, 'subsample': 0.8877875879142252, 'colsample_bytree': 0.7692425840497844, 'gamma': 9.807641983846155, 'reg_alpha': 0.014570271595538578, 'reg_lambda': 0.00021300368327705253}",284989.71590209357,0.06527628377763685,1600.0,4.0,0.38959337476392975,0.8877875879142252,0.7692425840497844,9.807641983846155,0.014570271595538578,0.00021300368327705253
87,"[  1   2   3   4   5   6   7   8   9  10  11  12  13  14  15  16  17  18
  19  20  21  22  23  24  47  48  49 167 168 169]","{'learning_rate': 0.047400798966673256, 'n_estimators': 4100, 'max_depth': 12, 'min_child_weight': 22.85164990251786, 'subsample': 0.6840945568647201, 'colsample_bytree': 0.7330532655337905, 'gamma': 5.645193979117288, 'reg_alpha': 1.3741551935334087e-06, 'reg_lambda': 8.637157564289309e-08}",287090.28908931185,0.047400798966673256,4100.0,12.0,22.85164990251786,0.6840945568647201,0.7330532655337905,5.645193979117288,1.3741551935334087e-06,8.637157564289309e-08
88,"[ 1  2  3  4  5  6  7  8  9 10 11 12 13 14 15 16 17 18 19 20 21 22 23 24
 48 72 96]","{'learning_rate': 0.021804233933389313, 'n_estimators': 2300, 'max_depth': 3, 'min_child_weight': 0.5381956258687393, 'subsample': 0.9968325972389097, 'colsample_bytree': 0.9884429572818467, 'gamma': 9.987186279211418, 'reg_alpha': 0.00011583685727084991, 'reg_lambda': 1.3644427542292326e-05}",289084.6864570694,0.021804233933389313,2300.0,3.0,0.5381956258687393,0.9968325972389097,0.9884429572818467,9.987186279211418,0.00011583685727084991,1.3644427542292326e-05
89,"[ 1  2  3  4  5  6  7  8  9 10 11 12 13 14 15 16 17 18 19 20 21 22 23 24
 25 26 27 28 29 30 31 32 33 34 35 36 37 38 39 40 41 42 43 44 45 46 47 48
 49 50 51 52 53 54 55 56 57 58 59 60 61 62 63 64 65 66 67 68 69 70 71 72]","{'learning_rate': 0.07872837750635546, 'n_estimators': 2600, 'max_depth': 2, 'min_child_weight': 6.176811432311732, 'subsample': 0.6883708749556855, 'colsample_bytree': 0.7521513724074707, 'gamma': 4.483319580660566, 'reg_alpha': 0.027018776042254434, 'reg_lambda': 1.18329837425003e-08}",290289.3578772839,0.07872837750635546,2600.0,2.0,6.176811432311732,0.6883708749556855,0.7521513724074707,4.483319580660566,0.027018776042254434,1.18329837425003e-08
90,"[ 1  2  3  4  5  6  7  8  9 10 11 12 13 14 15 16 17 18 19 20 21 22 23 24
 48 72 96]","{'learning_rate': 0.03241761948289841, 'n_estimators': 200, 'max_depth': 5, 'min_child_weight': 4.997121778473056, 'subsample': 0.9139985686682044, 'colsample_bytree': 0.631563399480909, 'gamma': 9.291010213023387, 'reg_alpha': 4.205847063439036e-05, 'reg_lambda': 2.9783170880546176e-06}",291870.63075035065,0.03241761948289841,200.0,5.0,4.997121778473056,0.9139985686682044,0.631563399480909,9.291010213023387,4.205847063439036e-05,2.9783170880546176e-06
91,"[  1   2   3   4   5   6   7   8   9  10  11  12  13  14  15  16  17  18
  19  20  21  22  23  24 168]","{'learning_rate': 0.027025358587345123, 'n_estimators': 3800, 'max_depth': 10, 'min_child_weight': 0.0016914977256232266, 'subsample': 0.8834789581770984, 'colsample_bytree': 0.9356973391220335, 'gamma': 1.6593788420695388, 'reg_alpha': 0.10690091980136929, 'reg_lambda': 3.791661427873876e-06}",299461.301325929,0.027025358587345123,3800.0,10.0,0.0016914977256232266,0.8834789581770984,0.9356973391220335,1.6593788420695388,0.10690091980136929,3.791661427873876e-06
92,"[  1   2   3   4   5   6   7   8   9  10  11  12  13  14  15  16  17  18
  19  20  21  22  23  24  25  26  27  28  29  30  31  32  33  34  35  36
  37  38  39  40  41  42  43  44  45  46  47  48  49  50  51  52  53  54
  55  56  57  58  59  60  61  62  63  64  65  66  67  68  69  70  71  72
  73  74  75  76  77  78  79  80  81  82  83  84  85  86  87  88  89  90
  91  92  93  94  95  96  97  98  99 100 101 102 103 104 105 106 107 108
 109 110 111 112 113 114 115 116 117 118 119 120 121 122 123 124 125 126
 127 128 129 130 131 132 133 134 135 136 137 138 139 140 141 142 143 144
 145 146 147 148 149 150 151 152 153 154 155 156 157 158 159 160 161 162
 163 164 165 166 167 168]","{'learning_rate': 0.07244754113633187, 'n_estimators': 3400, 'max_depth': 12, 'min_child_weight': 27.279848702767428, 'subsample': 0.7887150771005905, 'colsample_bytree': 0.7337853868802632, 'gamma': 8.357478125608248, 'reg_alpha': 1.8340091766320814e-07, 'reg_lambda': 3.8463382421583334e-05}",301986.5960586923,0.07244754113633187,3400.0,12.0,27.279848702767428,0.7887150771005905,0.7337853868802632,8.357478125608248,1.8340091766320814e-07,3.8463382421583334e-05
93,"[ 1  2  3  4  5  6  7  8  9 10 11 12 13 14 15 16 17 18 19 20 21 22 23 24
 48 72 96]","{'learning_rate': 0.014629494656414629, 'n_estimators': 2500, 'max_depth': 2, 'min_child_weight': 0.5055215153887738, 'subsample': 0.798550281450901, 'colsample_bytree': 0.6365437302196763, 'gamma': 8.24919300030691, 'reg_alpha': 1.0134809749083889e-07, 'reg_lambda': 0.018346778830331652}",305847.7460438407,0.014629494656414629,2500.0,2.0,0.5055215153887738,0.798550281450901,0.6365437302196763,8.24919300030691,1.0134809749083889e-07,0.018346778830331652
94,"[ 1  2  3  4  5  6  7  8  9 10 11 12 13 14 15 16 17 18 19 20 21 22 23 24
 48 72 96]","{'learning_rate': 0.017398027155450548, 'n_estimators': 900, 'max_depth': 3, 'min_child_weight': 2.1001278946808624, 'subsample': 0.8107514933384459, 'colsample_bytree': 0.8663079576571455, 'gamma': 8.541469068710585, 'reg_alpha': 2.8951839368774614e-05, 'reg_lambda': 0.0616904409725607}",314540.89420023956,0.017398027155450548,900.0,3.0,2.1001278946808624,0.8107514933384459,0.8663079576571455,8.541469068710585,2.8951839368774614e-05,0.0616904409725607
95,"[  1   2   3   4   5   6   7   8   9  10  11  12  13  14  15  16  17  18
  19  20  21  22  23  24 168]","{'learning_rate': 0.0065313228364022565, 'n_estimators': 5000, 'max_depth': 2, 'min_child_weight': 5.744435737602198, 'subsample': 0.6185936543974022, 'colsample_bytree': 0.6446998609757016, 'gamma': 6.033957592104823, 'reg_alpha': 5.636559725226119, 'reg_lambda': 7.526646298611284}",315122.83124172105,0.0065313228364022565,5000.0,2.0,5.744435737602198,0.6185936543974022,0.6446998609757016,6.033957592104823,5.636559725226119,7.526646298611284
96,"[ 1  2  3  4  5  6  7  8  9 10 11 12 13 14 15 16 17 18 19 20 21 22 23 24
 25 26 27 28 29 30 31 32 33 34 35 36 37 38 39 40 41 42 43 44 45 46 47 48
 49 50 51 52 53 54 55 56 57 58 59 60 61 62 63 64 65 66 67 68 69 70 71 72]","{'learning_rate': 0.0339794488266389, 'n_estimators': 3200, 'max_depth': 3, 'min_child_weight': 7.637489653991312, 'subsample': 0.841224051364371, 'colsample_bytree': 0.818027202586586, 'gamma': 3.427638337743084, 'reg_alpha': 5.458673281882848e-06, 'reg_lambda': 5.66499980463652e-05}",324825.9182140578,0.0339794488266389,3200.0,3.0,7.637489653991312,0.841224051364371,0.818027202586586,3.427638337743084,5.458673281882848e-06,5.66499980463652e-05
97,"[  1   2   3   4   5   6   7   8   9  10  11  12  13  14  15  16  17  18
  19  20  21  22  23  24 167 168 169]","{'learning_rate': 0.09812558240878383, 'n_estimators': 2100, 'max_depth': 10, 'min_child_weight': 0.005712924273945674, 'subsample': 0.840279427133436, 'colsample_bytree': 0.9463457833213058, 'gamma': 9.835216092035555, 'reg_alpha': 5.179550996815396e-08, 'reg_lambda': 7.163503415742813e-05}",327082.00009285565,0.09812558240878383,2100.0,10.0,0.005712924273945674,0.840279427133436,0.9463457833213058,9.835216092035555,5.179550996815396e-08,7.163503415742813e-05
98,[ 1  2  3  4  5  6  7  8  9 10 11 12 13 14 15 16 17 18 19 20 21 22 23 24],"{'learning_rate': 0.11180291390135337, 'n_estimators': 600, 'max_depth': 10, 'min_child_weight': 0.013963072243282703, 'subsample': 0.6776891842315084, 'colsample_bytree': 0.8289827829965892, 'gamma': 0.9571251661238711, 'reg_alpha': 0.9288411264338124, 'reg_lambda': 0.004418152970603922}",338942.8569309043,0.11180291390135337,600.0,10.0,0.013963072243282703,0.6776891842315084,0.8289827829965892,0.9571251661238711,0.9288411264338124,0.004418152970603922
99,"[ 1  2  3  4  5  6  7  8  9 10 11 12 13 14 15 16 17 18 19 20 21 22 23 24
 48 72 96]","{'learning_rate': 0.00546792823549323, 'n_estimators': 1900, 'max_depth': 3, 'min_child_weight': 0.021809459949822054, 'subsample': 0.993180102175314, 'colsample_bytree': 0.6861108150963208, 'gamma': 9.935510579635094, 'reg_alpha': 0.10113736195324652, 'reg_lambda': 0.0013502714471637072}",342102.4900113119,0.00546792823549323,1900.0,3.0,0.021809459949822054,0.993180102175314,0.6861108150963208,9.935510579635094,0.10113736195324652,0.0013502714471637072
