,Holiday
0,2015-01-01
1,2015-03-08
2,2015-04-03
3,2015-04-06
4,2015-05-01
5,2015-05-14
6,2015-05-25
7,2015-10-03
8,2015-12-25
9,2015-12-26
10,2016-01-01
11,2016-03-08
12,2016-03-25
13,2016-03-28
14,2016-05-01
15,2016-05-05
16,2016-05-16
17,2016-10-03
18,2016-12-25
19,2016-12-26
20,2017-01-01
21,2017-03-08
22,2017-04-14
23,2017-04-17
24,2017-05-01
25,2017-05-25
26,2017-06-05
27,2017-10-03
28,2017-12-25
29,2017-12-26
30,2018-01-01
31,2018-03-08
32,2018-03-30
33,2018-04-02
34,2018-05-01
35,2018-05-10
36,2018-05-21
37,2018-10-03
38,2018-12-25
39,2018-12-26
40,2019-01-01
41,2019-03-08
42,2019-04-19
43,2019-04-22
44,2019-05-01
45,2019-05-30
46,2019-06-10
47,2019-10-03
48,2019-12-25
49,2019-12-26
50,2020-01-01
51,2020-03-08
52,2020-04-10
53,2020-04-13
54,2020-05-01
55,2020-05-21
56,2020-06-01
57,2020-10-03
58,2020-12-25
59,2020-12-26
60,2021-01-01
61,2021-03-08
62,2021-04-02
63,2021-04-05
64,2021-05-01
65,2021-05-13
66,2021-05-24
67,2021-10-03
68,2021-12-25
69,2021-12-26
70,2022-01-01
71,2022-03-08
72,2022-04-15
73,2022-04-18
74,2022-05-01
75,2022-05-26
76,2022-06-06
77,2022-10-03
78,2022-12-25
79,2022-12-26
80,2023-01-01
81,2023-03-08
82,2023-04-07
83,2023-04-10
84,2023-05-01
85,2023-05-18
86,2023-05-29
87,2023-10-03
88,2023-12-25
89,2023-12-26
90,2024-01-01
91,2024-03-08
92,2024-03-29
93,2024-04-01
94,2024-05-01
95,2024-05-09
96,2024-05-20
97,2024-10-03
98,2024-12-25
99,2024-12-26
