model_name,mean_absolute_percentage_error,mean_absolute_error,mean_squared_error
LGBMRegressor with exogenous features,0.037929770757235595,436.8298012721052,332650.557763726
XGBRegressor with exogenous features,0.0373407381542181,431.27028318311346,324854.8231278254
LGBMRegressor without exogenous features,0.051746150821266296,595.2814173055749,657801.2352472253
XGBRegressor without exogenous features,0.05384366767047631,618.0541959390831,697842.0150785394
seasonal_naive_forecast,0.0856695664622024,972.74393784153,1677611.504859688
Tuned LGBMRegressor with exogenous features,0.031092875898200648,360.0689901944473,220044.25286194574
Tuned XGBRegressor with exogenous features,0.03085503055120102,357.1637921220401,219160.31338407742
Tuned XGBRegressor with exogenous features with refit,0.02952626982874853,342.03482679016616,204486.7514829548
Tuned XGBRegressor with exogenous features with refit,0.029380997715034836,340.3127310775451,202646.57112749259
